frequency_hz,viscosity_mpa_s,backpressure_pa,swept_volume_ml_cycle,net_flow_ml_min,sample_amount_30s_ml,outlet_min_ml_min,outlet_max_ml_min,chamber_pressure_half_range_pa,peak_reynolds_number,hydraulic_input_power_mw,pressure_residual_pa,points_per_cycle,settling_cycles,trial,swept_volume_factor,loss_factor
1.0,5.028056664707642,0.0,2.4939266505320856,18.949593290949366,9.474796645474681,-211.88860159085232,249.94940226749426,2.8479870032356507,38.929021736619305,0.0013919006798096545,1.7763568394002505e-15,160,45,1,0.9778427539237599,1.1772950811888627
1.0,4.739932103886761,0.0,2.589033946009443,17.8739016115926,8.936950805796299,-221.7743118777074,257.6509656140821,2.955257582545465,42.581496281976264,0.001382331747125399,2.6645352591003757e-15,160,45,2,1.0151333373128015,0.9389456412943921
1.0,4.008252487304261,0.0,2.597416781988167,20.91969647895559,10.459848239477795,-219.50067373238196,261.463831759764,2.9619520877600656,51.08331330162266,0.0012529850245725964,1.7763568394002505e-15,160,45,3,1.0184201602902847,1.0089866546037498
1.0,5.34950937342623,0.0,2.4677034232634054,16.68666807209308,8.343334036046539,-211.72942523728756,245.25032794789175,2.8193940119006644,35.911871352021244,0.0013933042376455239,2.220446049250313e-15,160,45,4,0.9675608986960996,1.0639846829335848
1.0,5.199597875309925,0.0,2.686051199106176,18.07350501718575,9.036752508592874,-230.55460289889578,266.8545386683944,3.067979579044067,40.203181447687385,0.0016141032178475156,1.7763568394002505e-15,160,45,5,1.0531727952599659,0.9526974820229155
1.0,5.44487947104905,0.0,2.6317673941666424,19.73044099311787,9.865220496558935,-223.86472420629707,263.5202164702848,3.0076675140725526,37.89891307809606,0.00166841217297345,1.7763568394002505e-15,160,45,6,1.0318886787827597,1.18204076510577
1.0,4.288999247816332,0.0,2.551927071585944,18.244019592353222,9.122009796176611,-217.96960496188095,254.56936353492677,2.911070910804896,46.494607252473706,0.0012356728029459378,1.7763568394002505e-15,160,45,7,1.000584117002719,0.9135708101949178
1.0,3.8331996247047435,0.0,2.652090094183175,20.850065400452085,10.425032700226044,-224.63310054820408,266.445330673279,3.0235068956532993,54.43924479948108,0.0012457758093432688,1.7763568394002505e-15,160,45,8,1.039856998519466,0.9180315565634346
1.0,4.301354717843922,0.0,2.459328115876008,17.584988001361076,8.792494000680538,-210.05724356887802,245.334842094973,2.805479922604154,44.679354349970176,0.0011474721551987897,2.220446049250313e-15,160,45,9,0.9642770276011324,0.9471254995409601
1.0,4.507996901038239,0.0,2.6632937649354336,17.077775810676506,8.538887905338253,-229.44811513899518,263.7115449954522,3.038948656063843,45.83572454562698,0.0013714064530040214,1.7763568394002505e-15,160,45,10,1.0442498415327544,0.7890978470970302
1.0,4.81754883351585,0.0,2.450663453169634,17.818564066589275,8.909282033294636,-209.01871191763013,244.79166093805242,2.797672896836825,39.798437122102534,0.0012720026829963638,2.220446049250313e-15,160,45,11,0.9608797032889623,1.0787493123003253
1.0,4.458495535290055,0.0,2.8288833516520238,22.045984869845743,11.022992434922871,-239.79846151241483,284.0470925487932,3.2279582860989118,49.89183868743497,0.0016313238034532781,2.220446049250313e-15,160,45,12,1.1091757997446776,0.978595604403323
1.0,5.940678522341966,0.0,2.664859405166048,16.04977952560951,8.024889762804753,-230.62063828935348,262.8833390756144,3.048363379273004,34.66980569927816,0.0017486154310754158,1.7763568394002505e-15,160,45,13,1.0448637128165916,0.9311320379816093
1.0,5.999411759321488,0.0,2.654511089574474,18.46019068396892,9.230095341984459,-227.24251545470378,264.37048828306973,3.037124604232168,34.51077023005844,0.0018179765541514931,1.7763568394002505e-15,160,45,14,1.0408062456836356,1.1504474364726676
1.0,5.127955609177087,0.0,2.764604293443538,20.826316643856273,10.413158321928137,-235.06617153784455,276.9046096749302,3.157561688589182,42.286821859469285,0.001749598618367841,2.220446049250313e-15,160,45,15,1.0839726482065997,1.0776230039865693
1.0,4.663153823456001,0.0,2.5527740806679415,18.770034637892902,9.385017318946451,-217.51906910311592,255.19571675714158,2.9136279709880224,42.86324473265547,0.001347552002489127,1.7763568394002505e-15,160,45,16,1.0009162204722264,1.0256817352774283
1.0,5.71441349828324,0.0,2.489823118091614,16.496697518931082,8.248348759465541,-213.9666277980129,247.1231696646535,2.8468601781777427,33.874986163139454,0.0015016174770291202,2.220446049250313e-15,160,45,17,0.9762338014465289,1.0899634797355142
1.0,4.75718626814161,0.0,2.593659231571327,17.13209426719736,8.56604713359868,-222.94618773313383,257.3314201310153,2.9605607872510475,42.37924409497865,0.0013751379930728438,1.7763568394002505e-15,160,45,18,1.0169468637733938,0.8839720261422275
1.0,4.979873737941748,0.0,2.496016233550054,18.2241930778838,9.1120965389419,-212.8100459543801,249.40693249268733,2.8501175188583767,39.22537108812704,0.0013643861521575047,2.220446049250313e-15,160,45,19,0.9786620577362464,1.10007592966329
1.0,5.691621801531877,0.0,2.4723642902679326,13.612421527794082,6.806210763897041,-215.24399426584594,242.58987054806923,2.8265426501882285,33.40218647997039,0.001410686507373532,2.220446049250313e-15,160,45,20,0.9693883762710342,0.8513087576786433
1.0,4.286024741019744,0.0,2.616399938765327,20.42323384357395,10.211616921786975,-221.75419130534675,262.73409387458827,2.984738618955934,48.00696689768002,0.0013379537027986472,1.7763568394002505e-15,160,45,21,1.0258632590266428,1.0153608745367015
1.0,4.373812613321185,0.0,2.6803879645052606,20.568613190498557,10.284306595249278,-227.53209967840044,268.80758692056946,3.0580990360438953,48.1324704466951,0.001425154301500474,1.7763568394002505e-15,160,45,22,1.0509522997545773,0.9865045869926247
1.0,4.862155313735857,0.0,2.471549638909578,19.188599940360564,9.594299970180284,-209.5780432062818,248.11128401081376,2.8217962656973103,39.959929077115795,0.0013336496572339995,2.220446049250313e-15,160,45,23,0.9690689599291097,1.1885319098231728
1.0,4.739333102654566,0.0,2.5924354849845175,18.585499346802766,9.292749673401383,-221.37573022803033,258.68401749953244,2.959186253380892,42.753189766763526,0.0014014195423076921,2.220446049250313e-15,160,45,24,1.0164670454386022,0.9895793802337688
1.0,4.72419422211071,0.0,2.5296392503077034,20.43341782804784,10.21670891402392,-213.7084885350428,254.73827729985746,2.8876240760295766,42.22112401411651,0.001381357382980737,3.1086244689504383e-15,160,45,25,0.9918452936163032,1.2031714782271148
1.0,5.766611650456623,0.0,2.440894248743657,13.464408036035671,6.732204018017835,-212.47876826909717,239.5301876892934,2.7910062071089237,32.55152628480912,0.0013916441401977291,2.220446049250313e-15,160,45,26,0.9570492996331437,0.8740864966252986
1.0,5.123122049088767,0.0,2.259366350194954,15.019688401080447,7.509844200540224,-194.11350454379888,224.2728119911712,2.5802942381273444,34.29454952798345,0.0011103185987091097,1.7763568394002505e-15,160,45,27,0.8858740947838009,1.0827251434427256
1.0,4.683855786474026,0.0,2.7639531934020156,20.63272227421925,10.316361137109626,-235.20280718814806,276.6231349824137,3.1548020958027205,46.25426973571365,0.0016034179681004158,2.220446049250313e-15,160,45,28,1.0837173586384214,0.979970910061268
1.0,4.746324101332642,0.0,2.4892417440978107,19.135711736579214,9.567855868289607,-211.26982614765802,249.6891539890002,2.841510885144122,41.197558176184465,0.0013190386032891962,1.7763568394002505e-15,160,45,29,0.9760058507379388,1.1383299500427433
1.0,5.408587555842321,0.0,2.7887369537593294,17.55562976324346,8.77781488162173,-240.58054971037365,275.8463152564246,3.1865359549397487,39.95739081068403,0.0017780225691163807,1.7763568394002505e-15,160,45,30,1.0934348138311039,0.8703196646048253
1.0,4.3455134089608904,0.0,2.5096180342970107,19.63073761617743,9.815368808088715,-212.66225437660134,252.05456928837467,2.8631582707707275,45.4245580469375,0.0012435056073648355,2.220446049250313e-15,160,45,31,0.983995182629029,1.070537929755611
1.0,4.212968154415768,0.0,2.6683349718011296,20.669806477541794,10.334903238770897,-226.31566670299932,267.78585535351726,3.0436607382485317,49.780168254197505,0.0013684463324457035,1.7763568394002505e-15,160,45,32,1.04622644641951,0.9713211678404703
1.0,4.669516742265258,0.0,2.6905973244996324,20.170407127896592,10.085203563948296,-228.87493208768322,269.3661086562825,3.0710079955145213,45.17882688929323,0.001514063780844344,2.220446049250313e-15,160,45,33,1.054955283840162,1.0074270159230976
1.0,5.693390159963246,0.0,2.59075242992738,19.0415498121901,9.52077490609505,-220.75710654039918,259.04104556332305,2.9623260434652106,35.62904785507405,0.001673666345064032,2.220446049250313e-15,160,45,34,1.0158071370199944,1.2137551389278947
1.0,4.267578424836328,0.0,2.62382114895052,20.93370697539385,10.466853487696925,-221.92960460460014,263.93505721644095,2.993163110697279,48.431800662807376,0.0013507905297656514,1.7763568394002505e-15,160,45,35,1.028773038511692,1.042515661668954
1.0,5.457650917744266,0.0,2.592358066863383,16.120010649286858,8.060005324643429,-223.8387173238356,256.220591013134,2.9624054414115326,36.78202148520435,0.0015373699880493863,1.7763568394002505e-15,160,45,36,1.0164366905968683,0.9224365278383146
1.0,5.361712772237982,0.0,2.421943404045027,13.617175598527238,6.808587799263618,-210.57133141309225,237.9147931043408,2.766968497755908,34.77434409535387,0.0012839032090758084,1.7763568394002505e-15,160,45,37,0.9496188701273938,0.8440455669716953
1.0,6.309941985151825,0.0,2.6415533777391915,13.405946526718251,6.702973263359125,-231.1155080976299,258.0678927670043,3.023881364984773,32.053665494756636,0.001752784474195032,1.7763568394002505e-15,160,45,38,1.0357256613677899,0.7927687912147158
1.0,5.112696267678838,0.0,2.3768888233844683,15.578087609788376,7.789043804894188,-204.43415837442117,235.71400629710516,2.7144669207640777,36.1188050682077,0.001225548486630604,1.7763568394002505e-15,160,45,39,0.9319534366950987,1.0112474226692443
1.0,4.9346627973253225,0.0,2.6899012430532596,21.614198530905444,10.807099265452722,-227.36039759476748,270.77652606326296,3.0715034908532566,42.9638158929842,0.0016305792504033821,1.7763568394002505e-15,160,45,40,1.0546823575300273,1.174581639827318
1.0,3.896107166404101,0.0,2.7815400948914477,22.185287914262904,11.092643957131452,-235.2791716561351,279.77507832052396,3.1714138667808305,56.23651137756034,0.0014039840746780995,2.220446049250313e-15,160,45,41,1.0906130001689145,0.9125688841912754
1.0,4.5981583360930305,0.0,2.8563561823452255,20.472900018209604,10.236450009104802,-243.91849280876204,285.0096035100924,3.2598202168333823,48.55094582933387,0.0016666970216382769,1.7763568394002505e-15,160,45,42,1.119947611504815,0.8823038462057026
1.0,3.762362790502789,0.0,2.470820345964297,20.56794331960202,10.28397165980101,-208.13432585582837,249.38061051449228,2.816629554197174,51.90398104928875,0.0010785371097859345,2.220446049250313e-15,160,45,43,0.9687830117349723,1.0485844075604673
1.0,5.045566961225175,0.0,2.753237043979893,21.104484744306216,10.552242372153108,-233.73514802526736,276.12906135277467,3.1442390659830615,42.85537367574854,0.0017186425352186774,2.220446049250313e-15,160,45,44,1.0795156676784443,1.0935601534337889
1.0,4.573643716859362,0.0,2.661766317599765,19.925577701629358,9.962788850814679,-226.45168610876868,266.4454478479291,3.0376791458717562,45.626759192617065,0.001451796650131778,2.220446049250313e-15,160,45,45,1.0436509452866016,0.9962973517196434
1.0,4.411022106862398,0.0,2.5297891034639597,18.562917713908767,9.281458856954384,-215.59989999752463,252.84735078532157,2.8863502599511115,44.89852457845901,0.0012553540926719658,2.220446049250313e-15,160,45,46,0.9919040494834682,0.9804859488064066
1.0,4.836899712486044,0.0,2.5152399666890077,18.575671401013775,9.287835700506887,-214.23806276693546,251.5341200460779,2.871501653163817,40.72893786962575,0.0013539004982048453,1.7763568394002505e-15,160,45,47,0.9861994839669975,1.0815842005926415
1.0,4.552206140954339,0.0,2.5291838005270066,18.838845531264095,9.419422765632046,-215.2665629435588,253.0763896737366,2.8862617185703403,43.54253240711902,0.0012979892561648411,2.220446049250313e-15,160,45,48,0.99166671648464,1.0312904683164343
1.0,5.456062764215413,0.0,2.759540841349555,19.62071111664336,9.81035555832168,-235.80519532846301,275.2352420700409,3.1536860864204996,39.508560527585246,0.0018136223967174447,2.220446049250313e-15,160,45,49,1.0819873211967272,1.0502547061428422
1.0,5.230639410014161,0.0,2.6702929413663807,18.037052296355604,9.018526148177802,-229.13206555209123,265.3607101475117,3.0501229129299343,39.740269685513994,0.0016051747977120613,2.220446049250313e-15,160,45,50,1.04699414596327,0.9682606882144413
1.0,5.52368865700535,0.0,2.5256001782368704,15.954028338174723,7.9770141690873615,-217.8242531868514,249.87664452926836,2.8865332517509996,35.4407389408824,0.0014792275015578942,2.220446049250313e-15,160,45,51,0.9902616153809399,0.976054803666579
1.0,5.27140804251495,0.0,2.75281004072474,17.26475707927887,8.632378539639435,-237.54638752530207,272.2202354847789,3.1445519643680093,40.45967633786107,0.0016884275250267642,1.7763568394002505e-15,160,45,52,1.0793482441341855,0.8558912643218429
1.0,5.314773593153589,0.0,2.669835052792093,18.41138207316563,9.205691036582813,-228.71378582484166,265.70112028798025,3.0501749382077126,39.15852157996803,0.0016382105840049743,1.7763568394002505e-15,160,45,53,1.046814612605953,1.0117335602251256
1.0,4.8856469359170385,0.0,2.2931043966249285,13.550918222147283,6.7754591110736415,-198.7101353123921,225.90491689550387,2.617853738767368,36.23502038967413,0.0010629679135059711,2.6645352591003757e-15,160,45,54,0.8991024326044242,0.8704857515782274
1.0,4.041637124594604,0.0,2.450024074407527,15.493820147197686,7.746910073598843,-211.2919010449211,242.35797642465846,2.7937178593712293,46.98994840993465,0.0010388568869381801,2.6645352591003757e-15,160,45,55,0.9606290095127817,0.7564687383486216
1.0,4.916503273942275,0.0,2.4754525922709245,18.888673687221605,9.444336843610802,-210.2399464885372,248.1721440638957,2.826444366922297,39.52958140115679,0.0013441352776030297,2.220446049250313e-15,160,45,56,0.9705992674313294,1.1685004450900003
1.0,4.2467657840163575,0.0,2.617192168865785,20.13207152834238,10.066035764171192,-222.1196371934678,262.5117322577959,2.9854513184552607,48.41218687036433,0.0013209361826814687,2.220446049250313e-15,160,45,57,1.0261738842260677,0.9850327162910932
1.0,5.07803790881369,0.0,2.5751867626175864,19.690440504138337,9.84522025206917,-218.66857778336538,258.2220464843653,2.9410137160715384,39.82032126291868,0.0015041908261039592,2.220446049250313e-15,160,45,58,1.0097040004319067,1.1645046384862054
1.0,4.204609488893295,0.0,2.61471768701525,19.510032155648954,9.755016077824477,-222.514262041089,261.65343825961605,2.9824035173298746,48.74233433963899,0.0012933211111833174,1.7763568394002505e-15,160,45,59,1.0252036655763952,0.9342785223288588
1.0,5.069881926094938,0.0,2.6121264460724074,21.25146783819664,10.62573391909832,-220.52226248169964,263.2202575236668,2.983288343587633,40.64833991101249,0.0015805117886658563,2.220446049250313e-15,160,45,60,1.0241876668985317,1.259822524948033
1.0,3.097686543124375,0.0,2.443345926520162,23.20253054164543,11.601265270822717,-202.95551229312883,249.45935425052997,2.7828587463030123,63.04111469958757,0.0009341071789814939,1.7763568394002505e-15,160,45,61,0.9580105770420843,1.1014233097001864
1.0,4.0312742783642985,0.0,2.556949499473711,20.025437623560872,10.012718811780436,-216.65034525122184,256.8180650264426,2.9158523705628863,49.89317949378129,0.0012070467210466753,1.7763568394002505e-15,160,45,62,1.0025533588471454,0.9860178013912417
1.0,4.377320996311033,0.0,2.5878376876014744,21.506123626583435,10.753061813291719,-218.02341135166625,261.1887468943827,2.9526486797778517,46.719421040346575,0.0013637134447922704,2.220446049250313e-15,160,45,63,1.0146642968076194,1.1490531560551351
1.0,4.166391608292156,0.0,2.880021849297586,22.167264152425858,11.083632076212929,-244.41319145373927,288.8862157950748,3.2849218768854946,54.30396073058267,0.001585165714818975,2.6645352591003757e-15,160,45,64,1.129226673878683,0.8902845070320428
1.0,4.839060969948422,0.0,2.6096935773420618,19.337098769822756,9.668549384911378,-222.21930872968656,261.04544673996946,2.979358976926167,42.24955421255277,0.0014634248630294568,2.220446049250313e-15,160,45,65,1.0232337643213614,1.0514737247072405
1.0,6.148170009975721,0.0,2.50507009666967,14.40677674094618,7.20338837047309,-217.47461196396816,246.4395436309276,2.8667644640274,31.406917094516295,0.001573717700676228,1.7763568394002505e-15,160,45,66,0.9822119834907369,0.9567728319261789
1.0,5.116588827750452,0.0,2.614792035954185,21.64960006938384,10.82480003469192,-220.369032725864,263.8732344786769,2.98657024859891,40.374425627894,0.0016077816851711054,2.220446049250313e-15,160,45,67,1.0252328170236458,1.303745675339338
1.0,3.475966654210642,0.0,2.2857620803795826,18.243063287765338,9.121531643882669,-193.3327238161111,229.8997207286679,2.604519262442377,51.80107184550478,0.0008397943496085412,2.220446049250313e-15,160,45,68,0.8962235866143079,0.9821954555262109
1.0,3.986637263595884,0.0,2.4919013163885877,22.210576580916932,11.105288290458468,-208.43791649161264,252.99979154743392,2.8417088811702143,49.68191563902768,0.0011895098150938375,2.6645352591003757e-15,160,45,69,0.9770486414280812,1.2197987073164749
1.0,6.372577102053458,0.0,2.7435362405908874,16.677975809935088,8.338987904967544,-237.27351894661496,270.82435724091846,3.141275572391365,33.29283533715382,0.0019878325764805483,2.220446049250313e-15,160,45,70,1.0757120833592526,0.9794003274134493
1.0,6.390777816989816,0.0,2.577956125983158,14.982755651349732,7.491377825674867,-223.64444436721027,253.780678687556,2.951719987694676,31.11245335964431,0.0017355674098333577,1.3322676295501878e-15,160,45,71,1.0107898390628978,0.9793710139720481
1.0,5.434366350298494,0.0,2.683240957474474,16.128244630356466,8.064122315178233,-232.2448755341258,264.64026848017363,3.0660826150778506,38.15669749449441,0.0016305938096368414,1.7763568394002505e-15,160,45,72,1.0520709286851215,0.8503083295598286
1.0,5.380308203394041,0.0,2.4524483380730473,15.518042196639604,7.759021098319802,-211.48922906033226,242.6586160532221,2.802059997439562,35.33499080654552,0.0013588942321753875,1.3322676295501878e-15,160,45,73,0.9615795381333506,0.9810616467148559
1.0,5.156606855934397,0.0,2.469224154463534,16.732635264788758,8.366317632394379,-211.82483981482605,245.428509348608,2.820136375772485,37.28340516533709,0.0013486512847624204,2.220446049250313e-15,160,45,74,0.9681571616152171,1.0311992921822495
1.0,4.734869959345367,0.0,2.5317005427516057,17.94992445940864,8.97496222970432,-216.3900308856117,252.42081266909628,2.889819842913685,41.75881143061458,0.0013286634380918101,1.7763568394002505e-15,160,45,75,0.9926535049883408,0.9942555818706439
1.0,5.441810233101818,0.0,2.607388226401135,17.720480215613637,8.860240107806817,-223.62470088508962,259.22911696674146,2.9796074853590886,37.313570301814565,0.0015883433130877036,2.220446049250313e-15,160,45,76,1.0223298601458495,1.0349312516069302
1.0,5.924630593388554,0.0,2.7445535627518605,18.196350144572484,9.09817507228624,-235.84489242680635,272.43253159597856,3.1395764296553077,36.017355089075316,0.001899008672989676,1.7763568394002505e-15,160,45,77,1.0761109648192593,1.0311783139814268
1.0,4.241459265444966,0.0,2.7686512878206835,20.018111649686016,10.009055824843008,-236.25612858368845,276.4150785661405,3.15812296613689,51.04874251621933,0.00145426870182196,2.220446049250313e-15,160,45,78,1.085559432696038,0.8547798272039029
1.0,3.7099642738339083,0.0,2.277575240641162,18.63817087320992,9.31908543660496,-192.17786554246072,229.54902204339265,2.5960954757410186,48.45448867320336,0.0008928238082700701,1.7763568394002505e-15,160,45,79,0.8930136117283016,1.084714312090413
1.0,5.015120357221179,0.0,2.5163408944493497,18.309795393136106,9.154897696568051,-214.6057615044881,251.3763315594092,2.8734672438696656,39.25735525101731,0.0013951357583510803,1.7763568394002505e-15,160,45,80,0.986631146314731,1.0935919266386658
1.0,5.627280427524557,0.0,2.408267174625779,15.9244478039066,7.962223901953301,-206.9901861095325,238.99131333035888,2.7530806382426287,33.2683911901684,0.001381257371160602,1.7763568394002505e-15,160,45,81,0.9442565625247393,1.1050594237903801
1.0,4.610750283259783,0.0,2.5314726912993026,20.117618961362496,10.058809480681248,-214.1957847380557,254.58252676423302,2.889218186539282,43.23664460013086,0.001344779925278223,1.7763568394002505e-15,160,45,82,0.9925641667988804,1.1475375306047113
1.0,5.1229808330391675,0.0,2.4895652684709026,18.580583261659022,9.290291630829511,-211.8544704008105,249.17758083722092,2.8433630716211793,38.09110335047683,0.0014031663012915793,2.6645352591003757e-15,160,45,83,0.976132701286602,1.16838867242908
1.0,3.987216718313429,0.0,2.5383704050197267,21.519781546991904,10.759890773495952,-213.43269910533022,256.60320549887916,2.8946121352717036,50.3904070369082,0.0012115999388297596,2.220446049250313e-15,160,45,84,0.9952686887537335,1.1089548678764825
1.0,5.0929619689063585,0.0,2.567195432019795,17.895253888988318,8.947626944494157,-219.7295833906285,255.6681103397708,2.9318107198022587,39.32149638917494,0.001456286600840398,2.220446049250313e-15,160,45,85,1.0065706826506509,1.0240408247217239
1.0,7.072346731015621,0.0,2.396409031115572,11.28834871422688,5.64417435711344,-210.5439505063264,233.26143308134738,2.7475880113103033,25.85027844811184,0.0015785744678066648,2.220446049250313e-15,160,45,86,0.9396071075361695,0.8786095307008289
1.0,4.75844248711742,0.0,2.511248931018592,18.273600015889045,9.136800007944522,-214.1718854208888,250.8557889792603,2.8666034222031014,41.29117173401042,0.0013229570421432032,2.6645352591003757e-15,160,45,87,0.9846346403056435,1.044458368766694
1.0,4.210471517419365,0.0,2.2680944932095386,17.03144299378118,8.515721496890588,-192.90796646646652,227.07320639916952,2.5870313683839417,42.241404017117574,0.0009658003592172824,2.6645352591003757e-15,160,45,88,0.8892963090659255,1.0731031981149182
1.0,4.660659381747405,0.0,2.5418487038655853,21.23153987250777,10.615769936253885,-214.0387209860043,256.67158515954617,2.9013623877340238,43.11730889883089,0.001394940335599407,1.7763568394002505e-15,160,45,89,0.9966324936281385,1.245551560746576
1.0,2.954279601349762,0.0,2.7464209928100853,27.94213687712335,13.971068438561677,-226.26680331394658,282.27207434307275,3.127777043507355,74.77870691865925,0.00118682238784049,2.220446049250313e-15,160,45,90,1.0768431647620702,1.0750811045406619
1.0,5.669640416181102,0.0,2.597112491841527,14.946675565612653,7.473337782806326,-225.45546671508598,255.48444419352833,2.9690891613944856,35.310387269086114,0.0015704927966580491,2.220446049250313e-15,160,45,91,1.0183008512821714,0.8594280074043776
1.0,6.224607159829889,0.0,2.620876679835432,17.40369838627041,8.701849193135203,-225.18809223360384,260.1989410227942,2.9999992799968185,32.740316730829214,0.001809986252466354,2.220446049250313e-15,160,45,92,1.0276185427338282,1.1286284219678173
1.0,5.461502237554791,0.0,2.3774138495397206,12.176407972831267,6.0882039864156345,-207.89323859115032,232.34261107276504,2.7165878160199224,33.34563937988865,0.0012336883722975215,1.7763568394002505e-15,160,45,93,0.9321592940010562,0.7735776824000034
1.0,5.662384258462092,0.0,2.4751649734831624,15.780920965649473,7.890460482824737,-213.32793545444827,245.03970512211336,2.8297310417958492,33.901851836779564,0.0014559689546030175,1.7763568394002505e-15,160,45,94,0.9704864950899914,1.0303707124101225
1.0,4.606189601307317,0.0,2.4809165991912465,20.2762442743609,10.13812213718045,-209.35597156301884,250.06378521808927,2.831541921781021,42.50762816779718,0.0013015353126661112,1.7763568394002505e-15,160,45,95,0.9727416478310441,1.2183163789462297
1.0,5.3011438061585014,0.0,2.5019139256577083,15.216926846712687,7.608463423356343,-216.37113342798582,246.9297450273114,2.858056237289688,36.49789396765147,0.0013828407425418407,1.7763568394002505e-15,160,45,96,0.9809744815964719,0.9003813804082922
1.0,5.359156161996113,0.0,2.7229629053306055,19.89743395740807,9.948716978704034,-232.14135406994453,272.1243304673042,3.11128229156621,39.76594623353888,0.0017495236374958174,2.220446049250313e-15,160,45,97,1.0676454921449445,1.0879035245747848
1.0,5.621434696960921,0.0,2.3627353789995382,13.267489802140805,6.633744901070402,-205.4401170555407,232.0908101718847,2.700807793551756,32.354636170828876,0.0012754710301745768,2.220446049250313e-15,160,45,98,0.9264040180576606,0.9006165334112234
1.0,4.918153032001735,0.0,2.407644349518752,15.799415791205249,7.899707895602623,-207.06021434014497,238.77603799878116,2.7488359966960147,38.03632831542161,0.001213972769156203,2.220446049250313e-15,160,45,99,0.9440123592648968,0.9661481323191425
1.0,4.579051247775211,0.0,2.632317470371218,18.82764900061207,9.413824500306035,-224.8260282687696,262.61199394692636,3.0040258046314037,44.92303548145873,0.0014001623072860227,2.6645352591003757e-15,160,45,100,1.0321043579530493,0.9429939060291803
1.5,3.8868464691050986,0.0,2.6397190713155605,37.815011711022464,18.907505855511236,-328.6922671970791,404.44284971885713,6.76209921528247,81.46007599628427,0.0031804522180417043,4.440892098500626e-15,160,45,1,1.0350064488582957,0.8937562380203021
1.5,4.151960531811609,0.0,2.4031109689504926,33.285206461218564,16.642603230609282,-300.3703670228459,367.0532721075121,6.156676843089439,69.21512492551955,0.002718453254630718,4.440892098500626e-15,160,45,2,0.9422348677983753,0.9681802145356698
1.5,4.606399530452435,0.0,2.511299574293581,35.40930931313087,17.704654656565435,-313.2635271326358,384.22996120941866,6.435339105665095,65.2990639550196,0.003298662184993483,3.552713678800501e-15,160,45,3,0.9846544970081138,1.049669284938738
1.5,5.609383626090082,0.0,2.6019043477627743,32.71392831313532,16.35696415656766,-328.5393507410044,394.143556206589,6.673482314567994,55.020942133909436,0.004043525132597671,4.440892098500626e-15,160,45,4,1.0201796882517504,1.0069911800697247
1.5,4.9197352499049005,0.0,2.4884338113734787,31.789884107735233,15.894942053867616,-313.71186811289283,377.4276371668881,6.378242379475861,60.0749170698826,0.0032910351168252265,3.9968028886505635e-15,160,45,5,0.9756890687026782,0.9565495927940157
1.5,3.8813602622382626,0.0,2.6946914409110545,42.11968550292133,21.05984275146066,-332.0151551837284,416.4027781329685,6.903133912753231,83.96194035021144,0.0034717988669013557,4.440892098500626e-15,160,45,6,1.0565605443901365,1.0188454346435554
1.5,4.54712616985523,0.0,2.533944166172027,35.98313311409727,17.991566557048635,-315.83373638779204,387.94814519088374,6.493189493913162,66.78917292300868,0.0033341076007007363,3.552713678800501e-15,160,45,7,0.9935332064437643,1.0421293378849983
1.5,5.737306986258797,0.0,2.625243259858068,35.81402865443399,17.907014327216995,-328.67218525241714,400.51673465004546,6.734546131663341,54.648514829001954,0.004347534268954645,4.440892098500626e-15,160,45,8,1.0293306334377197,1.1594774384317188
1.5,3.6311694864738304,0.0,2.581594900408543,40.00691796966238,20.00345898483119,-318.42802256224616,398.5647040341868,6.612546948796008,85.90773505580701,0.0029766176166214743,4.440892098500626e-15,160,45,9,1.0122165647463763,0.983875356335222
1.5,6.160702497342006,0.0,2.7017679258482588,32.75189503107442,16.375947515537206,-342.3659528182238,408.0742515991589,6.933163295301448,51.87017143491166,0.004700210220470628,4.440892098500626e-15,160,45,10,1.0593351606835306,1.0008100559449475
1.5,6.599546452922553,0.0,2.491171903847053,28.776500974556857,14.388250487278428,-317.1025854781863,374.84930437369053,6.395192593728984,44.48323441628019,0.004158526743762983,4.440892098500626e-15,160,45,11,0.9767626463414939,1.0647369957166788
1.5,5.29910359511703,0.0,2.6625180051969966,34.93560103293849,17.467800516469246,-334.73254588792463,404.7809172020769,6.8271067189767525,59.80833445132569,0.004099305592332143,4.440892098500626e-15,160,45,12,1.0439456741913233,1.0034489938090911
1.5,4.665198879518145,0.0,2.5020109195104423,36.77814932100711,18.389074660503557,-310.60179628446394,384.3218467251652,6.4120566020069365,64.48180245052492,0.003376814955036223,4.440892098500626e-15,160,45,13,0.9810125118793799,1.1413359836087782
1.5,3.689631477191129,0.0,2.6151363782584807,40.8107300940526,20.4053650470263,-322.2803241684964,404.03211005396895,6.6986789295254905,85.70353912583391,0.0031142989161413686,4.440892098500626e-15,160,45,14,1.025367830067054,0.9985832915642524
1.5,4.7177459960308274,0.0,2.6328038776981497,34.82157952827899,17.410789764139494,-330.72437749995277,400.5117957881469,6.747152898495547,66.47245055945905,0.00361963565344731,4.440892098500626e-15,160,45,15,1.0322950732172669,0.9275974810370505
1.5,6.649713265980413,0.0,2.5966912848545984,29.911902506390607,14.955951253195304,-330.6178269233849,390.6467435817632,6.666413729510913,46.00808671524035,0.004560203835563273,4.440892098500626e-15,160,45,16,1.018135700394521,1.0284683620089943
1.5,5.711731569797936,0.0,2.4278139256020954,24.50618014450595,12.253090072252975,-312.5867108836789,361.7143019910142,6.22692180339935,49.619356771134065,0.0033112426956156504,5.329070518200751e-15,160,45,17,0.9519206406967519,0.7880676203827394
1.5,4.03944555969205,0.0,2.5323382534177385,41.61139260197934,20.80569630098967,-309.97703777400005,393.36405005184685,6.4878450453594,76.19718056682439,0.003241557112410157,3.552713678800501e-15,160,45,18,0.9929035447214039,1.2145535638497684
1.5,4.328769997925493,0.0,2.5793270411479354,38.21428791294487,19.107143956472434,-319.9026746117681,396.4826292187051,6.608888264902899,71.69278336102201,0.0033827007085808786,3.552713678800501e-15,160,45,19,1.011327360669572,1.0564840026089495
1.5,5.115489952501893,0.0,2.5165345538719057,33.834439960470235,16.917219980235117,-315.5646041699508,383.3962757417045,6.451693819165987,58.67888824961939,0.003563947738527406,4.440892098500626e-15,160,45,20,0.9867070781642244,1.0625420351861685
1.5,4.072917799192787,0.0,2.3512752476730685,37.91149085667536,18.95574542833768,-288.539205173805,364.50775281390577,6.023972530744706,70.0325678523172,0.0027587026965885174,4.440892098500626e-15,160,45,21,0.9219106195151603,1.2588368163892807
1.5,5.638400089715231,0.0,2.6756767158840122,30.897850026285507,15.448925013142755,-340.60364144735456,402.5574761984274,6.862597278827325,55.92016991481012,0.004177510943872253,4.440892098500626e-15,160,45,22,1.049105068070663,0.8677378202350532
1.5,3.992949553896485,0.0,2.3354747601513264,35.39070369275477,17.695351846377385,-288.87064754180363,359.77382982572277,5.983099825183448,70.52405166459923,0.0025822824359116587,4.440892098500626e-15,160,45,23,0.9157154123592876,1.115589589521769
1.5,4.249743051925604,0.0,2.3836185274439288,33.7746371574848,16.887318578742395,-297.1728177266718,364.84349493718946,6.1070686734591995,67.20981458205141,0.0027564292527704403,5.329070518200751e-15,160,45,24,0.9345920838057468,1.032528290179447
1.5,4.18618477704823,0.0,2.5797454517387157,41.099727416664486,20.549863708332243,-317.0715304717764,399.4378381011012,6.609697104065942,74.66881365852873,0.00341614478090883,5.329070518200751e-15,160,45,25,1.011491415119318,1.1652639738525326
1.5,4.216013477113725,0.0,2.5919124492653225,36.79950143080089,18.399750715400444,-323.0682987293725,396.80060404481475,6.640671298380056,73.68082496834771,0.003270813330232318,3.552713678800501e-15,160,45,26,1.0162619685619632,0.9577580269906624
1.5,6.496715231864351,0.0,2.6270480368848625,29.876165189968066,14.938082594984033,-334.87022542484425,394.81744356761624,6.743327618564634,47.59691512253756,0.004553234531298175,3.552713678800501e-15,160,45,27,1.0300382677772149,0.9780379352801317
1.5,5.4972816236458355,0.0,2.6483860066358202,33.83397255004511,16.916986275022555,-333.8725789334144,401.71938870790024,6.792048483498885,57.21981538567914,0.0041457266086987014,5.329070518200751e-15,160,45,28,1.0384046642387816,0.9983615576669991
1.5,5.672193525359434,0.0,2.5449449417466354,32.63453279107554,16.31726639553777,-320.7085145784259,386.15932977143814,6.527845106182641,53.30588123022861,0.003929952085779871,3.552713678800501e-15,160,45,29,0.9978464963638497,1.0692935163141473
1.5,3.7053577030943265,0.0,2.4570381593158013,40.30297462852077,20.151487314260386,-300.83428475752726,381.57576669372673,6.29385933808727,80.58209015949883,0.0028163544868034488,3.552713678800501e-15,160,45,30,0.9633791594025145,1.1545529872294809
1.5,5.2335573401362945,0.0,2.5153400893682134,32.85099454125428,16.42549727062714,-316.38331164869095,382.24570994873454,6.449247579434262,57.1876045143717,0.0035909309007856674,4.440892098500626e-15,160,45,31,0.9862387410302893,1.0355988843083175
1.5,5.384958880295495,0.0,2.632350306625996,34.08614108703924,17.04307054351962,-331.3937722687427,399.74151012538056,6.750244580884528,58.12402282840233,0.004039190107357914,3.552713678800501e-15,160,45,32,1.0321172327077233,1.006690466904866
1.5,5.053860082439377,0.0,2.5257729836736593,31.12076035481313,15.560380177406564,-319.56654432059474,381.9440542757727,6.474668682562765,59.18598228503468,0.003431044925364347,4.440892098500626e-15,160,45,33,0.9903293705990682,0.9141617092574198
1.5,5.175390803202089,0.0,2.524765595434353,32.47220310214264,16.23610155107132,-318.07210801582085,383.1699730310596,6.472994900338576,57.97332932114826,0.003560782004981642,4.440892098500626e-15,160,45,34,0.9899343841266379,0.9977919448124913
1.5,4.7730680651160435,0.0,2.4162843111910375,31.96185860331886,15.980929301659428,-303.521346258605,367.5777934698434,6.192538081292049,60.29944748299027,0.0030533784595296117,4.440892098500626e-15,160,45,35,0.9473999985579853,1.00962886017964
1.5,4.841846044402557,0.0,2.4289373983224523,30.66381446442596,15.331907232212982,-306.57821995026137,368.0314402379485,6.2252202442916404,59.52442360246895,0.003069143625581577,4.440892098500626e-15,160,45,36,0.9523611426893016,0.9458489801297373
1.5,6.070158188497885,0.0,2.729698634120405,37.365204831754966,18.682602415877483,-341.6200878836663,416.60322090100067,7.004816435329772,53.72326915719021,0.0049726357766662664,4.440892098500626e-15,160,45,37,1.0702865014898248,1.183993061450112
1.5,5.051547344504768,0.0,2.6043493301441005,36.9962313125518,18.4981156562759,-324.591673774644,398.76893383749103,6.676701367139031,61.79299381488188,0.003881149691137659,3.552713678800501e-15,160,45,38,1.0211383404657364,1.1155664965680145
1.5,6.1566471726567435,0.0,2.3082576614561563,24.187757353286205,12.093878676643103,-296.30223305808414,344.8102006455159,5.9228300182690425,43.87642312570152,0.003228956058060482,4.440892098500626e-15,160,45,39,0.9050438704612042,0.9298671463713549
1.5,3.582114771220015,0.0,2.5165045381626463,40.440132076973676,20.220066038486834,-308.95589670962624,389.9619791262248,6.445747071036287,85.193998221479,0.0028433705458409497,3.552713678800501e-15,160,45,40,0.9866953093161721,1.0599068121985054
1.5,5.01833993839568,0.0,2.7071399736538444,38.648611118876794,19.324305559438393,-337.21073793400666,414.70131767892684,6.94006397932181,64.68595985992417,0.004195636492636931,3.552713678800501e-15,160,45,41,1.0614414848688483,1.0814418747437535
1.5,5.607266047137928,0.0,2.4195530804760366,25.7591512715938,12.8795756357969,-310.18476294747256,361.8241381529863,6.205229409517523,50.55274092761369,0.003282722295800624,4.440892098500626e-15,160,45,42,0.9486816490663927,0.8385043199997523
1.5,5.051275715729552,0.0,2.358901884009559,29.552660271387285,14.776330135693643,-297.96464281733194,357.19900070739396,6.04689654747051,55.37738747266033,0.0029905495236877654,4.440892098500626e-15,160,45,43,0.9249009444619096,0.9953905716780518
1.5,3.9002829499694553,0.0,2.5377350103824834,37.44187484589991,18.720937422949955,-314.9039537536264,389.9102767666845,6.500937668872778,78.25487611854106,0.002975952604736759,3.552713678800501e-15,160,45,44,0.9950195571115587,0.9735397743210913
1.5,5.550300273287627,0.0,2.5304163507528568,31.087814189654924,15.543907094827464,-320.24169744025266,382.5778104692702,6.489652231968348,53.97926233675534,0.003745417077096017,4.440892098500626e-15,160,45,45,0.9921499866349218,0.9867620630841875
1.5,4.899843414134631,0.0,2.7360721408417517,34.22686088826748,17.11343044413374,-345.6594281107252,414.2589191661891,7.012843752684091,66.20879672683577,0.003971068893419673,5.329070518200751e-15,160,45,46,1.0727854873213543,0.8497850999410572
1.5,5.843279065291642,0.0,2.685741410672519,34.775705790121776,17.387852895060885,-338.1138203982843,407.8733891614586,6.890214462616159,54.65167666635125,0.004536184898228969,4.440892098500626e-15,160,45,47,1.0530513304305826,1.0627755448434155
1.5,4.307906518745719,0.0,2.6349802709641184,37.97194754881715,18.985973774408574,-327.8739682183284,403.9634727344351,6.751359095671869,73.40628805375822,0.0034764762193926434,3.552713678800501e-15,160,45,48,1.033148414426946,0.9860291968624799
1.5,4.853884370662313,0.0,2.4458989842601575,29.246776068694658,14.623388034347329,-310.3527619195351,368.96165231020564,6.268600884878955,59.536288325267705,0.003059097839309831,4.440892098500626e-15,160,45,49,0.9590116044824347,0.8671998906147402
1.5,3.9855473935122676,0.0,2.304508656183024,31.499477301385607,15.749738650692803,-288.4672230456175,351.56302806335407,5.903546777918297,69.06644001680418,0.002385379959989496,3.552713678800501e-15,160,45,50,0.9035739244064667,0.9483509302797146
1.5,4.610747123119406,0.0,2.668408921016607,34.78763727600507,17.393818638002536,-335.70334733500096,405.4156690532141,6.837803059226776,68.85159156047062,0.0036269407711385726,4.440892098500626e-15,160,45,51,1.0462554411393414,0.8787768244996633
1.5,4.1535579561523495,0.0,2.614337231181182,38.35852146817761,19.179260734088803,-324.62137734031046,401.4787689339799,6.698001574212322,75.66248342612134,0.0033402816485893117,4.440892098500626e-15,160,45,52,1.0250544927928045,0.99188583955009
1.5,5.103160880991631,0.0,2.7517621981224116,34.89402073461273,17.447010367306365,-347.16873105053537,417.11852939216004,7.054495754567917,64.00573607404165,0.00418975440456119,4.440892098500626e-15,160,45,53,1.078937395925911,0.8944504107285564
1.5,6.5837580963272355,0.0,2.462746397575755,25.11312990789093,12.556564953945465,-316.82729480033976,367.2080210969913,6.3217704206025775,43.696194674690474,0.003899480052083878,3.552713678800501e-15,160,45,54,0.9656173003754959,0.8966216500135473
1.5,4.763660197853901,0.0,2.622028025715117,37.4701420239728,18.7350710119864,-326.57431729609675,401.68448476481353,6.720178131896647,66.00732848290895,0.003746030538310435,4.440892098500626e-15,160,45,55,1.0280699735028405,1.0644462675215929
1.5,6.069243562086751,0.0,2.5991371179271394,31.181855690147273,15.590927845073635,-329.6877258960032,392.2380997542139,6.669143545790849,50.61090363195541,0.004260633311191602,4.440892098500626e-15,160,45,56,1.0190946861557026,1.0062030055828173
1.5,3.916605916153261,0.0,2.2436213161351146,28.916861657690394,14.458430828845197,-282.5983284643163,340.5132905523899,5.747282447714078,68.08601243935377,0.002165489793102382,4.440892098500626e-15,160,45,57,0.8797006303547602,0.8706223611245941
1.5,4.472080819622854,0.0,2.602708165686745,34.02065510786095,17.010327553930473,-327.3487977957882,395.5166675776641,6.668992530171984,69.25375317761196,0.003352474785707537,3.552713678800501e-15,160,45,58,1.020494856916499,0.8781843921497673
1.5,5.197354997336336,0.0,2.469535345132427,30.056951253707542,15.02847562685377,-312.8219723040299,373.0720315479356,6.331322391631675,56.21640556179195,0.0033416768004580944,4.440892098500626e-15,160,45,59,0.9682791762464819,0.9378858058510501
1.5,5.039195402081887,0.0,2.662803314170352,36.835882737382775,18.417941368691388,-332.8699950386411,406.72108079981916,6.826365179159316,63.18541506470735,0.004008865479524684,4.440892098500626e-15,160,45,60,1.0440575408784072,1.0453361135176678
1.5,4.866080285820084,0.0,2.656521885606194,32.6753695325553,16.33768476627765,-336.16683588788675,401.6522718907411,6.808642684737736,64.64300872751579,0.0036851612760022317,4.440892098500626e-15,160,45,61,1.0415946579365847,0.8443406436308505
1.5,5.256723347349176,0.0,2.48306743671356,31.114370217800108,15.557185108900054,-313.64148737842856,376.0176791533177,6.366480268705654,56.015087614262896,0.0034523878173082167,3.552713678800501e-15,160,45,62,0.9735849688988922,0.9857551198829457
1.5,3.999588929920214,0.0,2.429493670731397,37.25546958914428,18.62773479457214,-300.0589473234607,374.70142923935776,6.224026760808726,73.32487983675574,0.002829260105556621,4.440892098500626e-15,160,45,63,0.9525792513270108,1.102658356397465
1.5,4.542933648538597,0.0,2.546355783448865,34.18862362891465,17.094311814457324,-319.3547988270225,387.86534414607985,6.524864367561655,66.8488479969037,0.0032826746068531885,5.329070518200751e-15,160,45,64,0.9983996727514408,0.9465121962218829
1.5,7.370614836955144,0.0,2.45635656637471,22.941917106741478,11.470958553370739,-318.1142973631453,364.1631885410739,6.309880268592673,38.71318177975994,0.0042093140005763,3.552713678800501e-15,160,45,65,0.9631119138849168,0.881819366746542
1.5,4.703801068817364,0.0,2.5678876519877174,35.67007990561972,17.83503995280986,-320.85980813524515,392.3530062272709,6.5808845689954545,65.30125090510138,0.0034985288027017812,4.440892098500626e-15,160,45,66,1.0068420949151655,1.0230598264549127
1.5,4.95039184192898,0.0,2.68187913796364,34.664106284634585,17.332053142317292,-337.69555193223744,407.1776526957925,6.87438429918295,64.40585913950166,0.003891720174355432,3.552713678800501e-15,160,45,67,1.05153697338995,0.9177820225630345
1.5,6.01744430066772,0.0,2.455955676432743,27.041891201883413,13.520945600941706,-313.95335481294006,368.185374175383,6.3011389859427265,47.928703419062195,0.0036505243637022914,3.1086244689504383e-15,160,45,68,0.962954729099715,0.9250764170464301
1.5,6.313216510895985,0.0,2.4777355715359586,28.06749493824725,14.033747469123625,-315.94883279149775,372.25541518510573,6.358897260438346,46.183093621678694,0.003921603993062836,4.440892098500626e-15,160,45,69,0.9714943999049308,0.9987636993114154
1.5,5.285637945768139,0.0,2.549048326798163,34.31866480220785,17.15933240110392,-319.59332539241325,388.40643803514826,6.536141497941456,57.53064831150542,0.0037732224561433745,5.329070518200751e-15,160,45,70,0.9994553910514058,1.0836531749813119
1.5,3.9351598385453372,0.0,2.6742490745518213,41.99323175104569,20.996615875522846,-329.30253604386917,413.44087210235165,6.8509563989337146,82.22316552821147,0.0034656872326357608,4.440892098500626e-15,160,45,71,1.048545304722536,1.045692697359201
1.5,5.427395823524576,0.0,2.5937666617623907,31.426365939794863,15.713182969897433,-328.7005041011398,391.7080616683158,6.651309615711437,56.521985090024565,0.003845283980891605,3.552713678800501e-15,160,45,72,1.0169889860362367,0.9267811921001863
1.5,4.739896013700204,0.0,2.64316465176879,35.7352271521565,17.86761357607825,-331.2477909542939,402.87068788971607,6.773944848859681,66.54662216319254,0.0036993174703019885,3.552713678800501e-15,160,45,73,1.0363574251905519,0.9613715465895764
1.5,5.658196467420435,0.0,2.530085311304194,33.36547801416545,16.682739007082724,-317.9124186390874,384.8327457299828,6.489755018110959,53.24946092281559,0.003917420294434013,3.552713678800501e-15,160,45,74,0.9920201895031303,1.1208237135689236
1.5,4.494782581805891,0.0,2.3635875927733982,33.60064966006164,16.80032483003082,-294.5638148700668,361.89872397863337,6.056473457119436,63.030599342533485,0.00285112341850966,5.329070518200751e-15,160,45,75,0.9267381622328251,1.0977385543504274
1.5,4.878124625424906,0.0,2.380179223729232,31.11311218783895,15.556556093919474,-299.3571498066267,361.7159061495871,6.100572198568305,58.061533109315505,0.0030023964969697245,3.552713678800501e-15,160,45,76,0.9332435685175199,1.0233152854891003
1.5,4.7747040754077945,0.0,2.5229849283034063,32.81891900823794,16.40945950411897,-317.47990957967704,383.2533322251953,6.465975206095617,62.85245986084272,0.0033218222545155457,4.440892098500626e-15,160,45,77,0.9892362030270555,0.9472384523451027
1.5,4.905464326955859,0.0,2.385300699852879,28.806578615800902,14.403289307900451,-302.3784951321804,360.10774209431185,6.11360775401565,57.49481004194081,0.0029405990665951165,3.552713678800501e-15,160,45,78,0.935251646147162,0.9082122897772854
1.5,4.932336864301951,0.0,2.6340120167484034,35.28668199358449,17.643340996792244,-330.42479118552683,401.15821839198424,6.751702100165482,63.67898297394318,0.003790317195699899,3.552713678800501e-15,160,45,79,1.0327687719989735,0.983479006098949
1.5,4.035601436498459,0.0,2.461401907922365,34.26782019343177,17.133910096715883,-307.48156980212235,376.128559370223,6.305678862306972,72.9709559064004,0.0027953895937222815,3.552713678800501e-15,160,45,80,0.9650901399375525,0.9335840824265154
1.5,3.9656704881878184,0.0,2.4329075859792226,34.303265157421315,17.151632578710657,-303.48970189341554,372.20538178212007,6.2324887166417025,73.4807310269044,0.0027012388635762104,4.440892098500626e-15,160,45,81,0.9539178120608974,0.948487820445445
1.5,5.667254001668906,0.0,2.739174050093291,36.05949417276092,18.02974708638046,-344.2487034356764,416.57575292406904,7.026199438696583,57.54939180152413,0.004628946598649866,4.440892098500626e-15,160,45,82,1.0740017137425681,1.0435973712449986
1.5,6.1034291346668,0.0,2.5643278702534595,30.41745394508363,15.208726972541813,-325.61969164118204,386.63652832203957,6.579990640879183,49.61027199438968,0.0041473123442509795,4.440892098500626e-15,160,45,83,1.0054463414459722,1.0061583091631263
1.5,5.278000401468954,0.0,2.5909878897299405,37.73883096808633,18.869415484043166,-321.9897403586018,397.67635707262406,6.644038814923968,58.97286455517624,0.00404179961888584,4.440892098500626e-15,160,45,84,1.01589945836462,1.2140594626009413
1.5,5.226787349380072,0.0,2.6017463779612515,38.1715683229628,19.0857841614814,-323.0505516216543,399.6031447378442,6.671338270554317,59.838018074231144,0.004055825644838412,3.552713678800501e-15,160,45,85,1.0201177499322234,1.214139835059091
1.5,4.756928042253646,0.0,2.488177881769796,36.98811201119555,18.494056005597773,-308.469608695607,382.61818286453456,6.377229297905018,62.954877188001895,0.0034153680797102954,3.552713678800501e-15,160,45,86,0.9755887213614997,1.188881083072069
1.5,4.173948228776656,0.0,2.4326093339440686,37.886128394129,18.9430641970645,-299.8584107964444,375.7774986706236,6.232583584046369,70.45827811698668,0.0029706005634913867,4.440892098500626e-15,160,45,87,0.9538008705336253,1.173797548764508
1.5,5.023824118548075,0.0,2.7926139269682864,38.888955006838685,19.444477503419343,-348.83968654429805,426.8090906458956,7.159123788296796,66.50729968685482,0.004432942605746464,4.440892098500626e-15,160,45,88,1.0949549347852332,1.0114297988997887
1.5,4.554455311891963,0.0,2.6989713383903515,39.12492661612042,19.56246330806021,-335.60324232930583,414.0204967868114,6.916176696260341,71.15754796525836,0.0038527564582874958,4.440892098500626e-15,160,45,89,1.0582386477685075,1.0231351955417893
1.5,4.1773405180823096,0.0,2.6652959689519573,38.84355787327293,19.421778936636464,-331.2118153222202,409.0421549854376,6.828631908947032,76.65042795043841,0.0034859350515825675,5.329070518200751e-15,160,45,90,1.045034884945726,0.9694724627266212
1.5,4.893228228059131,0.0,2.5611530585293294,32.67490200257102,16.33745100128551,-322.92372896976076,388.41265236728003,6.56448314648787,62.15855942032321,0.003477585600467085,4.440892098500626e-15,160,45,91,1.0042015307219476,0.926524854600649
1.5,6.005244936725141,0.0,2.5479487570581942,31.583178134504237,15.791589067252119,-322.1772301493782,385.5332560242719,6.537506481992674,50.271341981585806,0.00409663779385936,5.329070518200751e-15,160,45,92,0.9990242611693648,1.0662913316644562
1.5,5.669471128491557,0.0,2.68154630308816,37.326885847544446,18.663442923772223,-334.97518014998326,409.855013023995,6.87865479768533,56.58819311709196,0.004536538233287317,3.552713678800501e-15,160,45,93,1.051406472289939,1.163611551729239
1.5,4.49293653552395,0.0,2.437092350655375,35.80735656831343,17.903678284156715,-302.5606817855438,374.32358888815793,6.24490349569011,65.21382653128423,0.003088579782767434,5.329070518200751e-15,160,45,94,0.9555586148545879,1.1292656164333879
1.5,4.11559646695714,0.0,2.5388383481955312,39.19983406082409,19.59991703041204,-313.2947581697212,391.84268083804113,6.50456354691879,74.51472203419065,0.0031970031396413193,3.552713678800501e-15,160,45,95,0.995452164415943,1.1014104589458196
1.5,4.67506694183248,0.0,2.457921953549306,32.561307948550166,16.280653974275083,-308.70352723894314,373.9570876182608,6.298670869546525,62.63214675893943,0.003108517582453859,4.440892098500626e-15,160,45,96,0.9637256859481159,0.9792227959485982
1.5,6.0349986853736395,0.0,2.4200003341445595,26.500811221174725,13.250405610587363,-309.50240984581274,362.64917488148694,6.208970546615765,47.07139411648501,0.0035436972739575816,4.440892098500626e-15,160,45,97,0.9488570125875443,0.9324115220883298
1.5,5.945235736780279,0.0,2.3556857002499374,26.67205184739562,13.33602592369781,-300.39990943628897,353.88884916528974,6.043515827925926,46.624055716733736,0.0033400922190528134,3.552713678800501e-15,160,45,98,0.9236399121921905,0.989478360107072
1.5,4.915305018866257,0.0,2.411870786880835,31.538360545707462,15.769180272853731,-303.33183727913513,366.545148305877,6.182032338703064,58.39129774109795,0.0031085217738136906,4.440892098500626e-15,160,45,99,0.9456695014861984,1.0188416297599374
1.5,5.467212957867989,0.0,2.4015172150174937,28.66699162122043,14.333495810610215,-304.7676992170122,362.2411100915569,6.158452422634268,51.89177540783862,0.003277826633644469,5.329070518200751e-15,160,45,100,0.94160997342364,0.9762375851846593
2.0,6.246098146807029,0.0,2.5182761171477606,41.140466813895664,20.570233406947832,-425.057469141497,507.4945899459481,11.472335762624295,63.63378006936602,0.007533746168635723,1.0658141036401503e-14,160,45,1,0.9873899270481044,0.8506207378609998
2.0,4.162915270633097,0.0,2.525823384749952,57.03902739784828,28.51951369892414,-410.5491387986181,524.7777502001736,11.499169570067505,98.63713415982198,0.006239861079719674,8.881784197001252e-15,160,45,2,0.9903491323379439,1.0394974887264041
2.0,5.459926814352058,0.0,2.5442194801972016,51.712777601067984,25.856388800533992,-419.2775196265855,522.8942354604917,11.58800259317307,74.95680182081918,0.0075270548818288,8.881784197001252e-15,160,45,3,0.997562050420256,1.0706671253529945
2.0,5.993773093535833,0.0,2.536306912981813,41.86405607107211,20.932028035536057,-427.6724214614621,511.54972337376734,11.553460282569976,66.84161163925636,0.0073997047607410864,8.881784197001252e-15,160,45,4,0.9944596149437148,0.8287653537739027
2.0,3.8619046029589503,0.0,2.750070371945816,72.67102375810668,36.33551187905334,-436.41890473686465,581.9849949854407,12.519879547744058,117.84169760299835,0.007949475349171214,7.105427357601002e-15,160,45,5,1.0782740484424036,1.256278725174813
2.0,5.014354582980869,0.0,2.586636708309093,50.8056928898619,25.40284644493095,-428.04310763085743,529.8111761876423,11.779134070000598,82.70973602850282,0.007112060564302021,8.881784197001252e-15,160,45,6,1.0141934052926598,0.9267998951590831
2.0,4.353149737648412,0.0,2.669060699089582,58.47512008503149,29.237560042515746,-435.6300795077554,552.7429521683829,12.152042751378183,99.36254478550943,0.007160307501028283,8.881784197001252e-15,160,45,7,1.0465109965566146,0.9744339258644451
2.0,4.2875596636783815,0.0,2.596497844442763,58.53405194622574,29.267025973112872,-422.13654101264797,539.3680421421064,11.821498172276254,98.43167677845062,0.006781847442883685,8.881784197001252e-15,160,45,8,1.0180598544168582,1.0377708634297846
2.0,4.811591484966849,0.0,2.5897871016105465,52.54433660959776,26.27216830479888,-426.88700240957803,532.1321413908419,11.792735924291566,86.56443225771444,0.006996636418544977,8.881784197001252e-15,160,45,9,1.015428641806604,0.9456918851183173
2.0,5.340145657872761,0.0,2.4613875319157352,51.23431585944891,25.617157929724456,-404.42100162412424,507.0753604526518,11.21031636286336,74.31422437118376,0.006970232292534028,7.105427357601002e-15,160,45,10,0.9650845032545691,1.1265395182366487
2.0,6.332182537090154,0.0,2.359727114983688,35.76666389899578,17.88333194949789,-401.08304763313043,472.7460390064082,10.750216808457882,58.48317918648295,0.006481217031834945,7.105427357601002e-15,160,45,11,0.9252245089613679,0.8142098138576376
2.0,5.155493390955391,0.0,2.5726485782451802,50.71379618480589,25.356898092402943,-425.54418373386176,527.1362659139705,11.716051200412121,80.03748049665073,0.007215031458892735,8.881784197001252e-15,160,45,12,1.0087088046846098,0.9587763533339674
2.0,4.404236839480044,0.0,2.6387301271098202,60.245738644370725,30.122869322185363,-428.24079304332224,548.9122329191532,12.014392008408525,97.51373811441137,0.007242692732182306,8.881784197001252e-15,160,45,13,1.0346186940999864,1.0722070358163505
2.0,5.214632601147583,0.0,2.711206681611318,49.84708990329752,24.92354495164876,-452.0657637791797,551.9157222414738,12.347093243992827,82.86784286430911,0.007883346346679844,7.105427357601002e-15,160,45,14,1.063035998848516,0.8251255232863371
2.0,6.134324837297572,0.0,2.566080079795755,45.84411463151853,22.922057315759268,-429.19824402027695,521.0692360862154,11.689937354300765,66.50862297389688,0.007991456709956957,8.881784197001252e-15,160,45,15,1.0061333646204205,0.9474444993100154
2.0,4.709318565483463,0.0,2.58523963386491,54.465494399067516,27.232747199533758,-424.1221775603807,533.2164342054853,11.771749762998034,88.61346009478875,0.006985595382417917,1.0658141036401503e-14,160,45,16,1.013645626904051,0.9939504399885586
2.0,5.079142150363216,0.0,2.5772407203559835,49.77446972015503,24.887234860077513,-427.33554881191066,527.0385147114273,11.736555982263761,81.23164854651739,0.0070770313816309015,7.105427357601002e-15,160,45,17,1.0105093359420463,0.9133267959495746
2.0,5.2538775431653795,0.0,2.460961136564375,51.966411585586926,25.983205792793463,-403.6095368268191,507.7286055981742,11.2080834734633,75.62834639319625,0.006924164535210012,7.105427357601002e-15,160,45,18,0.9649173180630778,1.1398770870698252
2.0,4.628922833151072,0.0,2.5412565470473623,57.42737798996521,28.713688994982604,-413.0132271363533,528.0499563324058,11.571465146506181,89.25632706307887,0.006922295359661462,8.881784197001252e-15,160,45,19,0.9964003150860141,1.129747548140586
2.0,6.776229097149143,0.0,2.7118638392747396,52.312283809794636,26.156141904897314,-449.7056899645876,554.6016863014148,12.3603215533731,64.06251190177876,0.010159338271887183,1.0658141036401503e-14,160,45,20,1.0632936635473658,1.1161968238471613
2.0,4.653790963086197,0.0,2.3500849354776743,47.97355358851567,23.98677679425784,-387.0837584728129,483.1631176179948,10.700562441173904,81.2634243483168,0.005542630904663582,1.0658141036401503e-14,160,45,21,0.9214439104582101,1.0079181834384225
2.0,4.343875999656299,0.0,2.5354728262515187,54.293097229542134,27.146548614771064,-415.0834401846956,523.8134992819544,11.543628567393593,94.37156769497035,0.006312314665776338,7.105427357601002e-15,160,45,22,0.9941325781941823,0.972969889843437
2.0,5.336206615911596,0.0,2.484830850491539,50.07095547054599,25.03547773527299,-409.9268712711982,510.2438592322871,11.316935168287872,74.84243664263417,0.006984636652508116,8.881784197001252e-15,160,45,23,0.9742763851378574,1.0553859090035205
2.0,5.94933430232434,0.0,2.380191698118863,43.385827008511946,21.692913504255976,-397.24368688336807,484.1795021850495,10.842397286885037,63.71891580445364,0.006694180313434775,7.105427357601002e-15,160,45,24,0.933248459596216,1.0169628051902782
2.0,4.02392302070089,0.0,2.538810945321873,53.97065279952318,26.985326399761593,-416.0267353676741,524.0926823998561,11.557422087575063,101.93467619168302,0.005908714126658307,8.881784197001252e-15,160,45,25,0.9954414200336101,0.9015613570473558
2.0,4.684980196894041,0.0,2.3752368413357328,49.85571367394168,24.92785683697084,-389.85590409797135,489.7113713702177,10.815328580411522,81.80814729311957,0.005790512631429509,7.105427357601002e-15,160,45,26,0.9313057116805626,1.05491945099191
2.0,5.306178249938965,0.0,2.3803166120759287,45.46758335785792,22.733791678928956,-395.1860370076285,486.2683463349573,10.840581723164018,71.74290998931056,0.006178240074149328,8.881784197001252e-15,160,45,27,0.9332974370622353,0.9951126605606471
2.0,5.334365911341804,0.0,2.5323570736961694,46.56852590077102,23.28426295038551,-422.2338132655459,515.5196003758541,11.533044829695436,75.66550373917694,0.006954871998533883,7.105427357601002e-15,160,45,28,0.9929109239572312,0.8909277923540462
2.0,4.231722120195714,0.0,2.4887773187790487,56.9627939646678,28.4813969823339,-403.765677692115,517.8480156716031,11.330859519966639,95.74663432131592,0.00618296988817629,8.881784197001252e-15,160,45,29,0.975823754390962,1.0935995106756953
2.0,4.817086165904395,0.0,2.2548008491658322,44.55100983730408,22.275504918652036,-372.86760239775043,462.094060687494,10.267184680670809,75.09291651006157,0.005142904336225711,8.881784197001252e-15,160,45,30,0.88408400921797,1.015864453510855
2.0,6.244172713854472,0.0,2.690303530838939,49.871950279748305,24.935975139874152,-448.1634361250005,548.122076299809,12.25692001282874,68.72163846390208,0.009117095298314316,8.881784197001252e-15,160,45,31,1.05484009039524,0.9805532983767177
2.0,4.257642067933073,0.0,2.4794581378494622,56.02527009816779,28.01263504908389,-402.9787074305633,515.1821039350649,11.288471238240287,94.67833126585518,0.00611347348120157,7.105427357601002e-15,160,45,32,0.9721698002770522,1.076021012467554
2.0,4.513464161873436,0.0,2.550419306318394,51.979468901710945,25.989734450855476,-420.16581962755674,524.2636066972947,11.612200639539434,90.91843036478367,0.006424490246491733,7.105427357601002e-15,160,45,33,0.9999929378911853,0.9155701868835601
2.0,4.864284392323097,0.0,2.5761189803162776,52.17207640059403,26.086038200297015,-424.72867931288835,529.2305649708095,11.730712726191097,85.16004918003969,0.0069765020599224905,8.881784197001252e-15,160,45,34,1.0100695133155955,0.9554745214001513
2.0,5.684045058081899,0.0,2.5532899221106105,47.636318508984175,23.818159254492084,-425.0380560174778,520.4834814262204,11.629918783366318,71.68908146517,0.007533151989042376,8.881784197001252e-15,160,45,35,1.0011184765477128,0.9560749454246406
2.0,5.194255367054901,0.0,2.672024044610489,49.70967509608942,24.85483754804471,-444.9488195762086,544.5236381368499,12.168591905719797,82.07580227089132,0.007657281819344806,7.105427357601002e-15,160,45,36,1.0476728935772721,0.8486637915546086
2.0,3.1990101065831706,0.0,2.469358848334321,57.69221930411682,28.846109652058406,-399.4491237736733,514.9362068515296,11.238165643131538,125.94392420725946,0.004888581859678981,7.105427357601002e-15,160,45,37,0.9682099736838957,0.9164187217348029
2.0,5.927145640153423,0.0,2.5208190786046156,43.67180049414412,21.835900247072058,-422.9948849868131,510.49722210110184,11.48277163779791,67.44446300173067,0.00737038791582243,7.105427357601002e-15,160,45,38,0.9883869958406297,0.8895568400069754
2.0,5.109607056077344,0.0,2.677744667370317,55.63837185136448,27.819185925682238,-440.071714180594,551.5390325400853,12.194741386536089,84.47904446143126,0.008016939549618908,7.105427357601002e-15,160,45,39,1.049915890384109,1.008012291108781
2.0,3.6483930923835324,0.0,2.564627048915653,61.43070224537946,30.71535112268973,-413.3417077593839,536.345621556431,11.673897508435775,115.00695396271752,0.006016972123851214,8.881784197001252e-15,160,45,40,1.0055636462940887,1.0350774804283016
2.0,5.7230625428782025,0.0,2.6048868515947388,51.18878726207823,25.594393631039114,-431.0330572032897,533.6097735974488,11.865336093635623,72.98277297453265,0.008105380217302824,8.881784197001252e-15,160,45,41,1.0213490970473196,1.030905308989627
2.0,4.28287606720336,0.0,2.567427885297773,58.10119501525668,29.050597507628336,-417.1876377391833,533.552198099871,11.68913463080466,97.47551181096424,0.006629589606817183,7.105427357601002e-15,160,45,42,1.0066618251681938,1.0539379282890462
2.0,5.39853166899733,0.0,2.66381669685275,52.30939288954884,26.15469644477442,-440.82444248432637,545.6279258173546,12.132335657988959,79.11478988274855,0.008072896085815018,8.881784197001252e-15,160,45,43,1.0444548777097542,0.9616157227099337
2.0,5.089618756178189,0.0,2.412799321683352,44.53172637868286,22.265863189341434,-402.13851972688354,491.33188040609065,10.987543765454252,75.58390920917829,0.006032756543037313,8.881784197001252e-15,160,45,44,0.9460335703445241,0.8972509277744802
2.0,5.577372430693625,0.0,2.624090275905268,48.204778151366156,24.102389075683075,-437.57831771435025,534.1556088841861,11.951905260589296,74.9835654157646,0.0077959137011387215,8.881784197001252e-15,160,45,45,1.0288785603972415,0.8962130414710743
2.0,4.694673310751651,0.0,2.5864553486829034,52.6590374863143,26.32951874315715,-426.15616582101507,531.6251157870224,11.777070377818548,88.63546337483638,0.006843946299377038,7.105427357601002e-15,160,45,46,1.0141222960656557,0.9332103736093761
2.0,4.789015781822412,0.0,2.6746945358396417,59.59400737591144,29.79700368795572,-435.54840837651665,554.9357042924086,12.179772088912832,90.6683196140709,0.007881966678209172,8.881784197001252e-15,160,45,47,1.048719965469818,1.0848574545051188
2.0,6.10206355066452,0.0,2.50838896830168,43.970405950829765,21.985202975414882,-420.39340037657576,508.5040541914076,11.426908130226355,65.25217508361949,0.007521551917068595,7.105427357601002e-15,160,45,48,0.983513278609369,0.9331957423625752
2.0,6.609390936234935,0.0,2.505384853784718,45.91022676821555,22.955113384107776,-417.8906731911824,509.9240616641536,11.417269873367982,60.400667755821516,0.008213447822219845,1.0658141036401503e-14,160,45,49,0.9823353964885208,1.0751205217814561
2.0,6.217319536727167,0.0,2.5870640206259217,50.69080123955745,25.345400619778726,-428.2276577961964,529.8363777151561,11.786744270196564,66.70369108324842,0.00858409579776816,7.105427357601002e-15,160,45,50,1.0143609500167936,1.107875916156114
2.0,4.843018295565027,0.0,2.554122906021614,52.735945689753116,26.367972844876558,-420.0916256397183,525.7249119801982,11.630534793922275,84.96184176281372,0.006895183728721122,1.0658141036401503e-14,160,45,51,1.0014450808932482,0.9916222710801724
2.0,5.453734583784693,0.0,2.554411687594531,53.04694040415953,26.523470202079768,-419.82834700592855,526.1230282595634,11.634503181111885,75.49943259604339,0.007672018971531976,8.881784197001252e-15,160,45,52,1.001558309150576,1.1067754585682077
2.0,4.6268678733901005,0.0,2.782459659919936,65.63372111494571,32.81686055747286,-449.4543229014086,580.9487450308596,12.670153703148483,98.22368889096562,0.008655793540835616,7.105427357601002e-15,160,45,53,1.0909735520719452,1.138191587529376
2.0,5.945678059278392,0.0,2.4404503352534683,46.55057459759824,23.27528729879912,-405.23097807037107,498.5170913948428,11.117058773970543,65.6361186520226,0.007199766501007665,8.881784197001252e-15,160,45,54,0.9568752457612477,1.07157290922882
2.0,5.370426497352333,0.0,2.471922896260038,49.03189312755718,24.515946563778595,-408.57728439102857,506.81124481954885,11.258219083544567,73.86915841832145,0.0068907244027608975,7.105427357601002e-15,160,45,55,0.9692153102619945,1.0374182270657795
2.0,5.556317840528707,0.0,2.8019236251208097,61.133154492024175,30.56657724601209,-457.55537245149037,580.0817456411455,12.762716565870864,81.68888183412852,0.009767669223005098,8.881784197001252e-15,160,45,56,1.098605170800683,1.1363467468443031
2.0,5.899249948740356,0.0,2.622348305731502,47.950100084934746,23.975050042467373,-437.50872623105676,533.592176116346,11.945352878480204,70.81683272079545,0.008162797596687222,8.881784197001252e-15,160,45,57,1.0281955519729138,0.9335512183984106
2.0,5.1582314456220795,0.0,2.496721618984172,49.40221161088043,24.701105805440214,-412.7995535957509,511.7637621267212,11.370275108558344,77.66135028649916,0.006785451658820072,8.881784197001252e-15,160,45,58,0.978938632043405,0.9899855924828869
2.0,4.129359240075813,0.0,2.7575558800524704,64.89993118074534,32.44996559037268,-445.58421756114296,575.5685248137488,12.554359748894075,109.04469265171012,0.00770570371566647,8.881784197001252e-15,160,45,59,1.0812090384750768,1.0415338137804493
2.0,5.280328143670744,0.0,2.3854878809877538,46.831275872263156,23.415637936131578,-394.77809276172854,488.5953412480059,10.864130212434826,72.432579614766,0.006262904130011541,8.881784197001252e-15,160,45,60,0.9353250379272969,1.0356789358307468
2.0,5.564833079118036,0.0,2.395838919961344,40.88526980936665,20.442634904683324,-402.6468504004334,484.5470761096789,10.911959565048747,68.18909040616049,0.0062214158599619195,7.105427357601002e-15,160,45,61,0.9393835728700739,0.8596768043388687
2.0,4.8446045261562745,0.0,2.6250429772290405,54.53429798586428,27.26714899293214,-431.4218098565211,540.659897944715,11.953540065111268,87.34471256379746,0.007337875009409354,7.105427357601002e-15,160,45,62,1.0292521046977146,0.9801328125262908
2.0,7.090850015518644,0.0,2.681865297558504,46.278883298321325,23.139441649160663,-450.19474968622535,542.9862346110358,12.22540339422396,59.95873347734166,0.009842567045698646,7.105427357601002e-15,160,45,63,1.0515315467107529,0.9788339841904371
2.0,5.827291461391763,0.0,2.5161235351673583,46.037340724507736,23.018670362253868,-419.75704411306276,512.0023471274618,11.461147119583604,68.79109199048878,0.007400667245398065,7.105427357601002e-15,160,45,64,0.9865459219963463,0.9580662469972699
2.0,5.191396763942147,0.0,2.465971919794894,47.839043512368114,23.919521756184057,-408.671277687908,504.50209337270246,11.230289738757728,76.07527436262505,0.006581288497584206,8.881784197001252e-15,160,45,65,0.966881994158263,0.9727655558015045
2.0,5.0066568887114205,0.0,2.544476507173986,51.54338223386612,25.77169111693306,-419.4984709340922,522.7485059380597,11.587222366453673,81.72411642906907,0.006967589465199074,7.105427357601002e-15,160,45,66,0.9976628280300377,0.9893021757965593
2.0,6.149883344961852,0.0,2.4747004677105067,46.392165917161876,23.196082958580938,-411.7297763596777,504.70705228004573,11.27388610747855,64.24721384615971,0.007579772870471555,8.881784197001252e-15,160,45,67,0.9703043671978779,1.0593136635772276
2.0,6.854989114266057,0.0,2.758117078449433,45.36534858622975,22.682674293114875,-465.2300830937513,556.169180248145,12.57055952295096,63.537984053854906,0.009941143820321607,1.0658141036401503e-14,160,45,68,1.0814290785415583,0.8610753638666101
2.0,5.125945407673709,0.0,2.5926841877033784,51.93790000692634,25.96895000346317,-428.02822925231754,532.0741218537541,11.807241373960114,81.24852450528738,0.007358867379939515,8.881784197001252e-15,160,45,69,1.016564559193254,0.9743920707821457
2.0,4.396152712889904,0.0,2.547438014822608,53.338855575593385,26.669427787796693,-418.2537416047791,525.0719998330039,11.598234885131518,93.48050011308747,0.0063593774050592035,7.105427357601002e-15,160,45,70,0.9988240044400485,0.9403245829582858
2.0,4.996490846735106,0.0,2.652439088963489,54.35614941647059,27.178074708235297,-436.6713864472357,545.5595210134466,12.078916767492906,85.46006829202055,0.007647611277811814,8.881784197001252e-15,160,45,71,1.0399938357504304,0.9733800537473677
2.0,4.784446018224053,0.0,2.4261135969545466,48.07749949506065,24.038749747530325,-401.05545831990656,497.3461324679141,11.047186251180538,81.37187327772496,0.005982997692980989,8.881784197001252e-15,160,45,72,0.9512539594826351,0.9544177240030469
2.0,5.745085432958307,0.0,2.5743351201193905,49.42703382016366,24.71351691008183,-427.1407145159448,526.1831776982091,11.726158045992143,71.69682954849732,0.007842529772411786,7.105427357601002e-15,160,45,73,1.0093700802480003,1.0047027295356237
2.0,4.429043879722308,0.0,2.462312372378806,50.39084815813821,25.195424079069106,-405.4439648572232,506.3552810066594,11.21068174572728,89.48604328936779,0.005875489569855035,8.881784197001252e-15,160,45,74,0.9654471236007434,0.934572336970791
2.0,4.156531165836704,0.0,2.67080831432181,60.703724700643505,30.351862350321753,-433.7240982612072,555.2957082750294,12.159302499289732,104.53051448358659,0.007059971026652929,8.881784197001252e-15,160,45,75,1.047196218349772,1.0046507760795726
2.0,4.5989985333026855,0.0,2.5038807144631976,53.013904117271686,26.50695205863584,-410.51286033425924,516.6927906215097,11.40081266282643,87.92667505213622,0.0064099022760858,8.881784197001252e-15,160,45,76,0.9817456390727898,1.0096390928850099
2.0,4.678629438428861,0.0,2.417291518539767,54.414852080963136,27.207426040481568,-393.0770091799886,502.0789682849478,11.007134799436361,83.96611239801622,0.0062616114695159845,8.881784197001252e-15,160,45,77,0.9477949141050982,1.179531658078115
2.0,4.484351312816866,0.0,2.567896977625969,54.72767134469062,27.36383567234531,-420.6505292497155,530.2586247721896,11.69185168175049,92.5405839014412,0.0066468921490992015,8.881784197001252e-15,160,45,78,1.0068457514011284,0.9799620340102043
2.0,3.978179829040182,0.0,2.6523072546164554,61.2787642466763,30.639382123338148,-429.7246123358135,552.4394223835689,12.074346399475637,108.64991491643333,0.006778543635319787,7.105427357601002e-15,160,45,79,1.0399421448713353,1.0062697163089194
2.0,5.187358060226408,0.0,2.6756648126331175,56.51713607429222,28.25856803714611,-438.8057455869765,552.0425936825284,12.185703561368818,83.28324666515569,0.008183972506480336,8.881784197001252e-15,160,45,80,1.0491004009295373,1.0516629572169336
2.0,4.457809931272002,0.0,2.569177901461794,57.128370749971445,28.56418537498572,-418.4841056161771,532.9075162778694,11.69777706757798,93.5420891613717,0.006792084209534618,7.105427357601002e-15,160,45,81,1.0073479883417868,1.0532325320506553
2.0,4.277483786902426,0.0,2.3869561439313824,50.16069221993549,25.080346109967746,-391.7233596271885,492.16903983034416,10.867058458472883,90.05366489325819,0.005413838958475742,7.105427357601002e-15,160,45,82,0.9359007285876362,0.9761304859954983
2.0,5.247215177684126,0.0,2.568963588834806,54.15187582526553,27.075937912632764,-421.41788395027834,529.917007398919,11.699967020390996,79.03384732545747,0.007570309319439079,8.881784197001252e-15,160,45,83,1.0072639585852061,1.0946628778475294
2.0,6.425697678229949,0.0,2.4046264183274295,43.59466346839628,21.79733173419814,-401.55567255806045,488.9337158733094,10.956508995230894,59.57320846855993,0.007311972390434192,8.881784197001252e-15,160,45,84,0.9428290597694424,1.0685653360486813
2.0,6.158827720203179,0.0,2.8704704661716156,55.47018762656786,27.73509381328393,-475.91497199139906,587.1022352283085,13.07746061685236,74.61829424123093,0.010535068588356206,7.105427357601002e-15,160,45,85,1.1254816756937174,0.9822733531470774
2.0,4.9223087700909485,0.0,2.3098324819786873,46.134279284464775,23.06713964223239,-381.4707819449291,473.87556071611107,10.518231203426595,75.3578211887412,0.0055470298016162545,7.105427357601002e-15,160,45,86,0.9056613412422148,1.0326046148218353
2.0,6.3283400881992105,0.0,2.615875440691033,47.90044286456536,23.95022143228268,-436.35697317708514,532.365248105008,11.918413584095465,65.86078671533478,0.008648228197336016,8.881784197001252e-15,160,45,87,1.0256576087757476,0.9960510211956459
2.0,4.717144038534219,0.0,2.475283400531693,56.2032817756748,28.1016408878374,-402.02297735936634,514.6133196536149,11.271433472618638,85.35628217055196,0.00667084907522559,8.881784197001252e-15,160,45,88,0.9705329291065049,1.183440004467734
2.0,4.884068032265037,0.0,2.5044870716558143,52.49691549671822,26.24845774835911,-411.1404649023805,516.2993450621476,11.404733871136095,82.73270718573333,0.006716502672282953,7.105427357601002e-15,160,45,89,0.9819833854343211,1.0424477478215353
2.0,5.344157555677194,0.0,2.5252438670810506,51.9520505233365,25.97602526166825,-415.52542609126397,519.6167424309268,11.501133045376651,76.09806526014502,0.007317654365583852,7.993605777301127e-15,160,45,90,0.9901219094750804,1.0806059414748537
2.0,4.591143559167614,0.0,2.599339800312205,56.65348939768132,28.32674469884066,-424.54294596481225,538.0198138883791,11.835605443486404,91.70256844218012,0.007054220402066749,8.881784197001252e-15,160,45,91,1.019174155815142,1.0301058368133418
2.0,4.898918054351366,0.0,2.429734495344269,47.13066875206858,23.56533437603429,-402.6731031825924,497.0699352436433,11.064063239611341,79.4313854750401,0.006061837121532809,7.105427357601002e-15,160,45,92,0.9526736761580751,0.9377721462077278
2.0,4.856251750934583,0.0,2.620136549036916,51.88954658475916,25.944773292379576,-433.1615064108695,537.0939368537947,11.931039269534807,86.57491826195492,0.007140224352776912,8.881784197001252e-15,160,45,93,1.027328345129929,0.9053980690839092
2.0,5.1911904464811265,0.0,2.3329274890602987,42.3715286384259,21.18576431921295,-389.51262378200397,474.38065737887604,10.624142129197258,71.55168152158225,0.005675249096421908,8.881784197001252e-15,160,45,94,0.914716653803935,0.9147740025900022
2.0,4.976676499167529,0.0,2.7111394822680457,55.42895155398861,27.714475776994306,-446.46577729544794,557.5023875461607,12.346152498658402,87.67926167350777,0.007976713437429171,8.881784197001252e-15,160,45,95,1.0630096506835156,0.9488493490457259
2.0,3.9646007627563975,0.0,2.5621651681049946,59.06134013262063,29.530670066310314,-415.25493554691053,533.526126237544,11.663873954958383,105.29096779793312,0.006261554619623394,7.105427357601002e-15,160,45,96,1.004598368381359,1.0271303562104397
2.0,5.917903227794357,0.0,2.601265507429561,56.83396273437487,28.41698136718744,-424.70451958789295,538.6377622751137,11.850248685545203,71.21568137768429,0.008821531863884858,7.105427357601002e-15,160,45,97,1.0199292055879507,1.279834782607249
2.0,5.487437271751603,0.0,2.5851996293771666,50.67327864973443,25.336639324867217,-427.90610224769637,529.4349823580677,11.774624689239863,75.52325198737601,0.00767689992291757,7.105427357601002e-15,160,45,98,1.0136299415596342,0.996855090535877
2.0,6.052651472127068,0.0,2.718146201580617,50.07544058792512,25.03772029396256,-453.11627692438475,553.4705341173915,12.38248484594045,71.59047677512649,0.009038975328096804,8.881784197001252e-15,160,45,99,1.0657569125996245,0.9368049492259534
2.0,3.9342848121868133,0.0,2.4088739140227515,53.697601099550305,26.848800549775152,-392.2432018310933,499.7631795975653,10.96569570624931,99.40123868746481,0.005326953391317361,7.105427357601002e-15,160,45,100,0.9444944587446314,1.007158302737295
2.5,5.783469589648871,0.0,2.521651829437603,62.86271253363356,31.431356266816778,-520.6625261977621,646.5583790619642,17.940008419286645,87.51060734184993,0.012368154606625343,1.4210854715202004e-14,160,45,1,0.9887135087986942,0.908636156755813
2.5,5.644301896937558,0.0,2.6547521139534016,79.44848989274188,39.72424494637094,-534.8599029320881,694.0226230597872,18.88774943784204,96.1854866402383,0.01512614001908311,1.4210854715202004e-14,160,45,2,1.0409007488408968,1.193603712142488
2.5,5.099016468303213,0.0,2.6852093859710364,70.35915827317591,35.17957913658796,-551.0157027447765,691.9004810921675,19.100182632925673,106.2034254851059,0.01307231629152862,1.4210854715202004e-14,160,45,3,1.05284272906729,0.8499166594144165
2.5,4.275923876878604,0.0,2.593963485842153,87.73077950439088,43.86538975219544,-512.5138351364271,688.2028072008296,18.448849468814405,125.8498020110863,0.012654735948290207,1.7763568394002505e-14,160,45,4,1.017066158714973,1.2602101372062073
2.5,4.850451360253486,0.0,2.6658983355232513,74.93542682258693,37.46771341129347,-541.9673533948271,692.0162696860068,18.96192355784741,111.63781080410027,0.012880964477622495,1.7763568394002505e-14,160,45,5,1.0452710666260574,0.9335191283856227
2.5,6.629824255637569,0.0,2.711202631221688,61.3185975483241,30.659298774162046,-566.0721085236787,688.9036482376787,19.2928405752677,81.3603515879656,0.015515156155652242,1.4210854715202004e-14,160,45,6,1.0630344107327832,0.8154861152884703
2.5,4.867038936268886,0.0,2.4650996321624175,68.81104330764903,34.405521653824515,-501.6261828617293,639.4069445672576,17.53360288849401,102.80245962383819,0.010852812617280834,1.0658141036401503e-14,160,45,7,0.9665399792314918,0.9835693836422247
2.5,4.91971854367652,0.0,2.531595263705341,73.67623110808982,36.83811555404491,-512.1445785966547,659.6819580022725,18.007225258252674,104.90929910561155,0.011924152757165369,1.4210854715202004e-14,160,45,8,0.9926122261670458,1.050902185877415
2.5,4.81996388191834,0.0,2.3368250561031116,67.88672260657185,33.943361303285926,-472.864525670769,608.7980046972978,16.621192156367528,98.8229798829714,0.009846958697938078,1.4210854715202004e-14,160,45,9,0.916244849386565,1.098824282458408
2.5,5.2185627195872595,0.0,2.2752605300362583,66.51091032174438,33.25545516087219,-459.9900288360888,593.1914408832326,16.18526103515601,88.93064957096738,0.009990109817043295,7.105427357601002e-15,160,45,10,0.8921060377256932,1.2131962448025837
2.5,6.278402561699393,0.0,2.5375758357576963,62.510016346973465,31.255008173486733,-524.6976456936804,649.9107088058446,18.055860831431605,81.03089713470386,0.013376669316497287,1.4210854715202004e-14,160,45,11,0.9949571463933352,0.9484051596512657
2.5,4.10696353874626,0.0,2.580077581446064,79.31526773360201,39.657633866801014,-517.7278593337523,676.5205303027179,18.34806475230699,128.85702687808129,0.011153901572915596,2.1316282072803006e-14,160,45,12,1.0116216397302238,1.0010187951814422
2.5,4.747145257370332,0.0,2.6282572778643725,76.88114382855731,38.44057191427866,-531.3088760799438,685.2567471323454,18.693917805141382,112.93673043204348,0.012600943017906173,1.4210854715202004e-14,160,45,13,1.0305123986139455,1.001244905154283
2.5,4.73335883977928,0.0,2.726839314517747,88.05199921303159,44.025999606515796,-542.9394560243428,719.2948959248855,19.39616657707523,118.84306374783199,0.014702612153948764,1.4210854715202004e-14,160,45,14,1.0691653919519741,1.1858563103392588
2.5,4.512333933448929,0.0,2.437260165211456,72.91668837007167,36.458344185035834,-491.0761224504507,637.0725840232922,17.33424448866713,110.45195680310856,0.010421483975972581,1.2434497875801753e-14,160,45,15,0.9556244132001934,1.0669163166903795
2.5,5.5359661962391655,0.0,2.450075251712785,62.715044379404254,31.357522189702127,-504.246678427643,629.837956179141,17.42963191335306,89.05218455449346,0.011356982653343945,1.7763568394002505e-14,160,45,16,0.9606490756029777,0.9394027708199989
2.5,6.285605080196736,0.0,2.6825115926311347,70.35054735567768,35.175273677838845,-550.3900503267974,691.328401110954,19.087709509745174,86.07660836265559,0.015586129352067584,1.4210854715202004e-14,160,45,17,1.0517849523005018,1.010374184886856
2.5,4.343295989130368,0.0,2.534894709302263,70.94890053238981,35.47445026619491,-515.6432399588604,657.6783764897997,18.027268763883377,118.49311378990637,0.010510934844170674,1.4210854715202004e-14,160,45,18,0.993905904538953,0.8833192714049477
2.5,5.69099015907268,0.0,2.464774291558599,65.83125738531012,32.915628692655055,-504.52748278217564,636.3769106335019,17.535288886688598,87.51165532328336,0.012063292739214316,1.0658141036401503e-14,160,45,19,0.9664124165576123,1.031099249663377
2.5,5.877062497994448,0.0,2.4651237149440486,66.82468698109597,33.41234349054798,-503.61201264014903,637.4656550202762,17.538853224008534,84.8802923155144,0.012514964757284083,1.4210854715202004e-14,160,45,20,0.9665494218402018,1.0876956698343399
2.5,5.136771091776359,0.0,2.558436542515724,70.84100658730223,35.42050329365112,-521.1932696197968,663.0543051493631,18.19895112929769,101.00766263584075,0.012242576639855304,1.0658141036401503e-14,160,45,21,1.0031364129891325,0.9821474394739205
2.5,4.429649660472836,0.0,2.3519323895382778,69.21233816646757,34.60616908323379,-475.03717847588507,613.6065360274898,16.72677659846864,108.37719049091137,0.009387253283031936,1.7763568394002505e-14,160,45,22,0.922168278019695,1.0471246981971107
2.5,4.701409804908221,0.0,2.4849725868036763,72.61542811848902,36.30771405924451,-502.41839816020155,647.8182085552188,17.674434779867582,107.80644100241204,0.011059411391817223,1.4210854715202004e-14,160,45,23,0.9743319584746922,1.0367244358011873
2.5,5.8592847108737125,0.0,2.545543988893138,72.35350368617623,36.176751843088105,-516.6879211575122,661.6312939700081,18.11137390661299,88.3491767343067,0.01377141025764764,1.4210854715202004e-14,160,45,24,0.9980813765321744,1.1533829401277105
2.5,4.133285914726581,0.0,2.6942830935040853,86.4898450507698,43.2449225253849,-536.9766690212784,710.1518604197674,19.160926911667843,134.37661467509938,0.012772339156755654,1.4210854715202004e-14,160,45,25,1.056400435610312,1.0643848556215354
2.5,5.459351410555657,0.0,2.7310386941333187,79.62754058529049,39.81377029264524,-552.3391139175227,711.838617257709,19.429194647547735,102.00871745503248,0.015348374999824605,1.0658141036401503e-14,160,45,26,1.0708119251117147,1.0789840092152594
2.5,5.071464218279479,0.0,2.5999751961465263,74.33795372568514,37.16897686284257,-527.306376490022,676.1753621977117,18.49435188056749,104.32056074151727,0.012802855432406102,1.4210854715202004e-14,160,45,27,1.0194232879266785,1.0189736240493954
2.5,5.313238774281072,0.0,2.603227297780398,69.0650337852818,34.5325168926409,-533.33604599429,671.6420429050817,18.518248918804467,98.93190683921993,0.012745322356916241,1.4210854715202004e-14,160,45,28,1.020698403222081,0.920880824073529
2.5,3.4535409928370115,0.0,2.6349728688515657,88.0621380687335,44.03106903436675,-521.6840578494706,697.9685869452852,18.735555301925782,158.0471610294161,0.010947581882649274,1.4210854715202004e-14,160,45,29,1.0331455121354445,1.032334571190744
2.5,4.471498707051965,0.0,2.475182801387326,73.73390371570733,36.86695185785367,-499.0350946159086,646.6651712715457,17.603728442286233,113.1409958872296,0.010663334748578706,1.4210854715202004e-14,160,45,30,0.970493485226169,1.0375619804120875
2.5,4.281024154072819,0.0,2.734127725600352,83.6728035983388,41.8364017991694,-549.0168247149527,716.5481169378772,19.444694226387067,130.9320935296668,0.013053642782304815,1.4210854715202004e-14,160,45,31,1.0720231022872893,0.9795091264846902
2.5,7.0444013151444205,0.0,2.4556045970836244,59.042230145092745,29.521115072546376,-509.1934862460452,627.4934837696878,17.47634295148637,69.73128005629327,0.013638983267818898,1.7763568394002505e-14,160,45,32,0.9628170745309591,1.0321430068024813
2.5,5.485363347705164,0.0,2.8510749862569185,82.83838272926225,41.41919136463113,-576.9049755699651,742.8403756300029,20.283370671957982,105.94731935398146,0.016872017535196297,1.7763568394002505e-14,160,45,33,1.1178769093348455,1.0393367616878342
2.5,5.4345725030477094,0.0,2.6354273331703912,73.85707804458099,36.92853902229049,-535.9893895974178,683.9140183782358,18.74843050344123,98.46961897259429,0.013790589746600954,1.4210854715202004e-14,160,45,34,1.0333237028777367,1.026354950364357
2.5,4.7264818737468515,0.0,2.491530350195649,76.14030486469781,38.070152432348905,-500.4068039038701,652.8789220800148,17.721608851570238,108.05284668091906,0.011541234379981344,1.0658141036401503e-14,160,45,35,0.9769031894342791,1.1349054415447581
2.5,4.734099570576091,0.0,2.6386670293857257,78.61990126804572,39.30995063402286,-531.9774204611856,689.4116677479345,18.768059777965853,113.92640594759804,0.012847825376761404,1.4210854715202004e-14,160,45,36,1.0345939541372928,1.0323932192800314
2.5,5.3518233546748295,0.0,2.44222901727466,67.37116521298991,33.685582606494954,-497.770610645512,632.6919243381487,17.37335281016927,92.50982911194562,0.011441316801762216,1.4210854715202004e-14,160,45,37,0.9575726485198996,1.0474064109968169
2.5,4.153744944575248,0.0,2.4401567077516546,76.1186350574957,38.05931752874785,-488.54453376630937,640.9407211063506,17.353305506131676,120.69830261310715,0.010077203346309078,1.7763568394002505e-14,160,45,38,0.9567601174654977,1.0863061517450303
2.5,5.03830733925513,0.0,2.3623947209802174,70.04202699318665,35.021013496593326,-476.6224236966119,616.8904279343682,16.804350896559047,95.78787067014495,0.010615119817151452,1.0658141036401503e-14,160,45,39,0.92627044958415,1.1747043553253655
2.5,5.6735012086103085,0.0,2.5517961880242783,65.93007860937135,32.965039304685675,-524.5688380423961,656.609732773577,18.154120355509008,90.5828994786127,0.012719244371082421,1.4210854715202004e-14,160,45,40,1.0005327989166979,0.9422397823859486
2.5,4.276441724343007,0.0,2.3168997259835793,68.9792914306342,34.4896457153171,-467.1639529486001,605.2602454989242,16.476924202970636,110.72912901049823,0.008898425071497204,1.7763568394002505e-14,160,45,41,0.9084323342619656,1.0541372961401416
2.5,6.192280130965657,0.0,2.663734027249148,62.82296650783472,31.41148325391736,-553.582587325363,679.4119918901574,18.952849135214578,85.89977591981686,0.014352919941122127,1.4210854715202004e-14,160,45,42,1.0444224638162525,0.8371035702982278
2.5,4.157193331623308,0.0,2.4460959066465975,72.77829635508317,36.389148177541585,-493.2627116197059,638.9605835323064,17.395169470680464,120.24817986209666,0.009780500887827165,1.0658141036401503e-14,160,45,43,0.9590888157061987,0.9865827545631105
2.5,6.410032522691513,0.0,2.525602251891723,60.578532597343816,30.28926629867191,-523.8596082297014,645.2049937853479,17.971193132850317,78.79874911954414,0.013308545420125703,1.4210854715202004e-14,160,45,44,0.9902624284394843,0.9263966152105858
2.5,5.012818504081282,0.0,2.6350279635107112,77.25223376635073,38.626116883175364,-532.5016439229074,687.2110178492557,18.743607404989454,107.25334746608365,0.013277182940431446,1.0658141036401503e-14,160,45,45,1.0331671141794396,1.047952138778139
2.5,4.53699615960725,0.0,2.6705415489513094,80.32492688650679,40.162463443253394,-537.6494617293866,698.4881402122218,18.993748194070413,120.43777600410186,0.012825344793205112,1.0658141036401503e-14,160,45,46,1.047091622416894,1.007781435941669
2.5,5.279817487361345,0.0,2.718207568256712,78.43751837207915,39.21875918603958,-550.5631594882154,707.6621789836055,19.336752759486664,104.86424075329414,0.014669209464906801,1.4210854715202004e-14,160,45,47,1.0657809738363648,1.033555842264707
2.5,6.259619130534988,0.0,2.4223669900627733,57.02677107555169,28.513385537775847,-503.52428660042693,617.7429578009132,17.235705374746445,77.26336726201302,0.011823355519656867,1.4210854715202004e-14,160,45,48,0.9497849538083346,0.9118053651797965
2.5,4.084144720651008,0.0,2.5830308163584896,81.48870416438976,40.74435208219488,-516.235869434927,679.3856944417862,18.369187548162888,130.11221802345946,0.011363704918537386,1.7763568394002505e-14,160,45,49,1.012779572486239,1.0502073264711471
2.5,5.2499760426316495,0.0,2.5320224990927116,69.95884156897027,34.97942078448514,-515.9622980650807,656.0622575933533,18.01163742018025,97.78763766267706,0.012177320387713627,1.4210854715202004e-14,160,45,50,0.9927797407279376,1.004081184384755
2.5,5.0437971960066275,0.0,2.6837336358375503,75.65219408776066,37.82609704388033,-545.375753295092,696.8731036662947,19.08992524567048,108.10928268586345,0.013524271558365433,1.4210854715202004e-14,160,45,51,1.0522641027575212,0.9630156414948129
2.5,7.250792062079276,0.0,2.5657128216931344,63.825294501442045,31.912647250721026,-529.8848127930937,657.7921969446015,18.261364537745163,71.0079353643214,0.01561316013246877,1.7763568394002505e-14,160,45,52,1.0059893665303439,1.0793661497729876
2.5,4.3169942278341065,0.0,2.688581712942627,81.15632084881958,40.57816042440979,-540.9945983293806,703.48468977941,19.12082120548026,127.48091967965068,0.012534821182254302,1.0658141036401503e-14,160,45,53,1.054164983469731,0.9714935010372382
2.5,4.042644754054091,0.0,2.598103260416412,82.40745461093216,41.20372730546608,-518.8049134435408,683.7933444237217,18.476204521999115,132.2980368222056,0.011467007851989302,1.4210854715202004e-14,160,45,54,1.0186893213566863,1.0491181329129569
2.5,5.559810377821364,0.0,2.740246026976404,69.17775569654364,34.58887784827183,-564.9323763666251,703.4702420361341,19.49409689118064,99.04007415177279,0.014391195934241442,1.4210854715202004e-14,160,45,55,1.0744220247518363,0.839922017817342
2.5,6.080319296809702,0.0,2.3786290995327986,59.495659396395396,29.7478296981977,-490.93095005830764,610.095991259564,16.923915843556692,78.54214521414872,0.011423114060891632,1.4210854715202004e-14,160,45,56,0.9326357809096363,1.000445418199448
2.5,5.167972840124299,0.0,2.6987400858497512,76.2307636183244,38.1153818091622,-548.2683657550875,700.9332950547523,19.197412498838567,106.12464268129297,0.01398734906331876,1.4210854715202004e-14,160,45,57,1.0581479760476273,0.9813039246538003
2.5,3.710707312644134,0.0,2.6604175048603005,80.99842193088746,40.49921096544373,-534.6402881079017,696.7776708610514,18.917077056330854,146.8965930826746,0.01092955533684774,1.4210854715202004e-14,160,45,58,1.0431220898114801,0.888302033514483
2.5,4.835987403425573,0.0,2.275933818270178,63.269721717220364,31.634860858610182,-463.39396689841755,590.073389503346,16.18783399946596,95.48210881951653,0.00906332811975374,8.881784197001252e-15,160,45,59,0.8923700270538076,1.0359043302044624
2.5,6.922344842096135,0.0,2.4164401304195544,61.89419434381562,30.94709717190781,-497.2735143013265,621.2957014799717,17.197380159976994,70.2450563523628,0.013403946405219852,1.7763568394002505e-14,160,45,60,0.9474610936601588,1.1484279730373095
2.5,3.763366055823124,0.0,2.578341711142477,76.54663572865975,38.273317864329876,-520.1003254682297,673.3224610275007,18.333504190646078,139.97907890394265,0.010119779306300206,1.4210854715202004e-14,160,45,61,1.0109410230016798,0.8742115597366935
2.5,5.090843016590471,0.0,2.756828717125452,82.25979183737873,41.12989591868936,-555.6763514814728,720.4293080151358,19.61073806838155,110.70555108457138,0.01502133771515636,1.4210854715202004e-14,160,45,62,1.0809239254389915,1.0593163790208608
2.5,5.439376554473082,0.0,2.6290014782236986,72.1302812538369,36.06514062691845,-536.2311815364653,680.6917566744496,18.702565548813787,97.92693485028863,0.013547407251863283,1.4210854715202004e-14,160,45,63,1.0308041918503983,0.9895010778884177
2.5,5.402992247259817,0.0,2.3039778889863682,55.06694609825261,27.533473049126304,-478.0915855407971,588.3493238215319,16.38925133372426,85.25399910002673,0.009416981994199375,1.0658141036401503e-14,160,45,64,0.9033658160977642,0.861953727734401
2.5,4.176327356929561,0.0,2.5423608100940904,80.00424838965674,40.00212419482837,-508.3083654160035,668.4905161514463,18.08042179850521,125.20046404135013,0.011150947506412958,1.0658141036401503e-14,160,45,65,0.996833285164921,1.0759490420514701
2.5,4.51351369779915,0.0,2.6466680496631336,81.8859160582349,40.94295802911744,-530.5616013157081,694.5324040899183,18.824078152790783,120.36530441529207,0.012794668181936341,1.4210854715202004e-14,160,45,66,1.0377310711413519,1.069811047819008
2.5,5.803195163190366,0.0,2.277240154912437,52.54988028823955,26.27494014411978,-474.42119095758835,579.6496793470252,16.200783164068024,78.20821823901665,0.009615667966293037,8.881784197001252e-15,160,45,67,0.8928822280920962,0.872081684265645
2.5,6.801936855382068,0.0,2.657266811021496,68.81254262686151,34.40627131343076,-546.0828847191407,683.9693197754217,18.910853139721944,78.696771331704,0.016242714576645133,1.4210854715202004e-14,160,45,68,1.04188673545996,1.0639312887446932
2.5,5.65219500963323,0.0,2.533556287724073,63.90364787973329,31.951823939866646,-522.3764079863746,650.3526921667927,18.024081697961567,90.06560099912556,0.012324611925863548,1.4210854715202004e-14,160,45,69,0.9933811233303119,0.9061740998390804
2.5,6.190282397883586,0.0,2.3821807462729194,61.994671596005126,30.997335798002563,-489.2497961662869,613.4345956778648,16.949982095654295,77.55777169306744,0.011889285369654145,1.4210854715202004e-14,160,45,70,0.9340283447320659,1.086841066653955
2.5,4.28955553936829,0.0,2.4065358473523677,71.6165855563922,35.8082927781961,-485.2688594164317,628.647554567228,17.114506065142344,114.65587184782115,0.00968570089998036,1.4210854715202004e-14,160,45,71,0.9435777270711728,1.0245719500854669
2.5,5.960394594313954,0.0,2.6082962351167343,63.10862018120574,31.55431009060287,-540.4677785079979,666.8611815823922,18.5572608359067,87.58703456980464,0.01344139819764471,1.4210854715202004e-14,160,45,72,1.0226858809385455,0.8611846164617112
2.5,4.694851349289692,0.0,2.4409870260758098,68.96026145542668,34.48013072771334,-495.8976882587103,633.9699134253528,17.36126986111963,105.66306614360991,0.010388751979430714,2.1316282072803006e-14,160,45,73,0.957085676662097,0.9849372238523929
2.5,4.980360583344611,0.0,2.6359222814548797,77.70329531216642,38.85164765608321,-532.2573279892027,687.8694902238918,18.74983624266266,108.05367244066302,0.013266357622499841,1.4210854715202004e-14,160,45,74,1.0335177669627613,1.0534154464517036
2.5,4.745044834305364,0.0,2.4236321660122426,75.94457415134539,37.972287075672696,-484.88807176047334,636.975659956049,17.238956609762177,104.99768658217104,0.011120870377829445,1.4210854715202004e-14,160,45,75,0.9502810161662083,1.2249537327392748
2.5,4.750035885103706,0.0,2.583806360700711,71.12422524996944,35.56211262498472,-526.7844062912466,669.1899254009467,18.377261210100194,110.24709733818872,0.011672764720204579,1.2434497875801753e-14,160,45,76,1.0130836553730496,0.9053616499390498
2.5,4.216414054967261,0.0,2.584594180672483,81.21511305463272,40.607556527316355,-516.8701477152435,679.4800864348972,18.381016291145976,126.04900223620707,0.01163691770044448,1.4210854715202004e-14,160,45,77,1.0133925514067916,1.0669965551230058
2.5,5.203592570335008,0.0,2.609794277947125,76.58740676550906,38.29370338275453,-527.3251992594605,680.7158340924428,18.565177742651205,102.34302486369067,0.013424867064182944,1.7763568394002505e-14,160,45,78,1.0232732479833833,1.09029664993578
2.5,4.837361176280882,0.0,2.4325232767681912,61.5054308381649,30.75271541908245,-501.39972190447014,624.5343623505657,17.301123457737205,101.06294331516072,0.00990601243151288,1.7763568394002505e-14,160,45,79,0.9537671284081956,0.8285835795003803
2.5,4.706223966863919,0.0,2.483531018406963,71.02794777074442,35.51397388537221,-503.67393194516694,645.8903210345535,17.66403761962693,107.38449959553719,0.010894344693011097,1.4210854715202004e-14,160,45,80,0.9737667344691223,0.996119227686257
2.5,3.971036519560569,0.0,2.6695226973200628,77.56328781357013,38.781643906785064,-540.1832929137518,695.4495695278125,18.982941689274764,137.02743427401666,0.01122930535058456,1.4210854715202004e-14,160,45,81,1.0466921412674683,0.8504604422666455
2.5,4.524810797844121,0.0,2.4700988218828903,77.61575115472041,38.807875577360214,-493.9715548939755,649.3925937998099,17.568337745626387,112.254896656824,0.011165614610570009,1.7763568394002505e-14,160,45,82,0.9685001096317231,1.1682973721353458
2.5,5.095734506171496,0.0,2.5877762953105576,68.70016310309457,34.35008155154729,-530.1270713793331,667.690365052233,18.407143334281933,102.54888371675607,0.012152160632057388,2.1316282072803006e-14,160,45,83,1.0146402255275733,0.895655145970131
2.5,5.86424851897218,0.0,2.7247414023245753,76.3218677978324,38.1609338989162,-554.1877375025756,707.0811803801315,19.386363566596216,94.34294311446246,0.015798114827292147,1.4210854715202004e-14,160,45,84,1.0683428223563434,1.0618119784032647
2.5,6.303563267238163,0.0,2.80377463954373,68.90257191379823,34.451285956899106,-579.9051825357844,717.9300071109694,19.950254396500682,89.15402307481257,0.01659144083589848,1.4210854715202004e-14,160,45,85,1.0993309343432776,0.8723321437795188
2.5,5.633101605165545,0.0,2.3645005452756553,64.3536680830377,32.17683404151885,-482.8001904062176,611.6892293932002,16.821688509208144,84.97589144389383,0.011063599241079865,1.4210854715202004e-14,160,45,86,0.9270961214329555,1.09494057845898
2.5,6.245442266994201,0.0,2.4139363050773057,54.70343200140758,27.35171600070379,-503.8992300953641,613.4580130712471,17.17545996078276,76.91101693856959,0.011513083340962751,1.0658141036401503e-14,160,45,87,0.9464793697319567,0.8577367562923531
2.5,4.936613326540752,0.0,2.4074081557864098,69.1976937702654,34.5988468851327,-487.88660690229796,626.4508356236671,17.123795482279064,99.28869911294615,0.010636770262228628,1.4210854715202004e-14,160,45,88,0.9439197501540219,1.0716130041967464
2.5,5.801241515033553,0.0,2.5736928540565382,72.32433601891978,36.16216800945989,-523.232646770175,668.1107434914339,18.311248938619542,90.11127755891712,0.013877481393836752,1.4210854715202004e-14,160,45,89,1.0091182543911665,1.109552054906825
2.5,4.060718123909124,0.0,2.684254583679024,83.3246865406883,41.66234327034415,-537.8251584483095,704.6471838322843,19.08881754198398,135.7373851903835,0.01215126340786621,1.4210854715202004e-14,160,45,90,1.052468360998977,0.9821108100015973
2.5,3.089711235005974,0.0,2.473432800091767,85.41814868653803,42.709074343269016,-486.9483977155495,657.9206183131702,17.585142758398227,166.50332719240802,0.009011237984427564,1.4210854715202004e-14,160,45,91,0.9698073278823455,1.0732762440084544
2.5,4.248317036445769,0.0,2.7959426486991763,80.15905714418697,40.07952857209349,-566.8405832134093,727.3193968996219,19.88355641618734,133.957528142411,0.013002393084135873,1.4210854715202004e-14,160,45,92,1.096260092025397,0.8424952578921431
2.5,3.9746308257848657,0.0,2.5961690762735268,77.81681251389679,38.908406256948396,-522.9531133399256,678.7321325776423,18.46154248631177,133.59690989194186,0.010806039911410721,2.1316282072803006e-14,160,45,93,1.0179309478301548,0.9236389731095144
2.5,4.872139825846787,0.0,2.6401530011371017,77.80836346056958,38.90418173028479,-533.1324220366336,688.947679727199,18.779314865644302,110.62782152479008,0.013069882237426982,1.4210854715202004e-14,160,45,94,1.0351765882373407,1.0333207823129473
2.5,3.7720165361524036,0.0,2.795689919474535,91.79703927938795,45.89851963969397,-555.1375090660803,738.9217559083164,19.88022483338475,153.20067839521226,0.013156919320949366,1.4210854715202004e-14,160,45,95,1.096160999519622,1.0146106125662038
2.5,4.218745546810918,0.0,2.594452312733813,81.24836363050757,40.624181815253785,-519.1183889679221,681.7942989628511,18.45111163993738,126.41011187960186,0.011707569764011489,1.4210854715202004e-14,160,45,96,1.0172578226654065,1.0568714795951348
2.5,5.654527319651384,0.0,2.609692744298536,72.79860985842177,36.399304929210885,-531.0910904819444,676.9081206838707,18.566522940380928,93.67013389790215,0.013923230424716018,1.4210854715202004e-14,160,45,97,1.0232334376936416,1.0594631694968635
2.5,4.861073636666507,0.0,2.628502527274063,78.55042646152022,39.27521323076011,-529.6931568329693,686.9975916626502,18.69650512862257,110.55983517412031,0.013050033532232986,1.7763568394002505e-14,160,45,98,1.0306085583619153,1.0637102734240524
2.5,4.799475220096086,0.0,2.3427695452468957,62.3008404367345,31.15042021836725,-479.832032929371,604.5634592188039,16.66279536088401,98.58680051069946,0.009331445938653156,1.0658141036401503e-14,160,45,99,0.9185756218789267,0.9274812028669912
2.5,4.0864569651130465,0.0,2.7799045004030942,91.58682768507576,45.79341384253788,-551.6904592282741,735.0800090663915,19.769944180905444,140.6718710559006,0.013874202987735111,1.7763568394002505e-14,160,45,100,1.089971700546709,1.089597772694687
