time_s,inlet_flow_ml_min,outlet_flow_ml_min,chamber_pressure_pa,volume_rate_ml_min
0.0,541.4249086455695,-420.06730827350384,-0.9385521185025286,961.4922169190734
0.0012499999999988631,541.4039784184762,-419.9696215918935,-0.756131866411717,961.3736000103697
0.002500000000001279,541.2621997504606,-419.7555788007438,-0.5734124050087799,961.0177785512044
0.003750000000000142,540.9995639916274,-419.42527634357316,-0.39043912827270544,960.4248403352005
0.004999999999999005,540.6160925363012,-418.97883912468853,-0.20725766120119887,959.5949316609897
0.006250000000001421,540.1118368690383,-418.4164204270773,-0.023913847979224634,958.5282572961155
0.007500000000000284,539.4868786028006,-417.7382018237225,0.15954626007072142,957.2250804265232
0.008749999999999147,538.7413295091947,-416.9443930824076,0.3430764167573404,955.6857225916023
0.010000000000001563,537.8753315407777,-416.0352320640816,0.5266301934947452,953.9105636048592
0.011250000000000426,536.8890568453646,-415.0109846148576,0.7101609919824718,951.9000414602222
0.01249999999999929,535.7827077722226,-413.8719444517186,0.8936220570913876,949.6546522239412
0.013750000000001705,534.5565168702075,-412.6184330419972,1.0769664899413887,947.1749499122046
0.015000000000000568,533.2107468777591,-411.2507994767084,1.2601472611705802,944.4615463544675
0.01624999999999943,531.7456907046408,-409.7694203378082,1.4431172243954538,941.5151110424489
0.017500000000001847,530.1616714055141,-408.1746995594508,1.6258291298473717,938.3363709649649
0.01875000000000071,528.4590421452643,-406.4670682833188,1.808235638184496,934.926110428583
0.019999999999999574,526.6381861559481,-404.64698470810475,1.990289334478071,931.2851708640529
0.02125000000000199,524.6995166855033,-402.7149339332172,2.1719427423578885,927.4144506187205
0.022500000000000853,522.6434769381235,-400.6714277967856,2.3531483383154885,923.3149047349091
0.023749999999999716,520.4705400061673,-398.51700470804485,2.533858566163485,918.9875447142122
0.02500000000000213,518.18120879378,-396.2522294741701,2.714025851635346,914.4334382679501
0.026250000000000995,515.7760159321265,-393.8776931216432,2.8936026171237175,909.6537090537697
0.027499999999999858,513.2555236860971,-391.3940127122242,3.072541296555107,904.6495363983213
0.028750000000002274,510.6203238527087,-388.8018311536049,3.25079435038488,899.4221550063136
0.030000000000001137,507.8710376510922,-386.10181700482315,3.4283142807101936,893.9728546559154
0.03125,505.0083156039213,-383.294664276513,3.6050536464981366,888.3029798804342
0.03249999999999886,502.0328374105646,-380.38109222606624,3.78096507891228,882.4139296366308
0.03375000000000128,498.9453118117294,-377.361845147786,3.956001296738208,876.3071569595155
0.03500000000000014,495.746476445799,-374.23769215810427,4.130115121894509,869.9841686039032
0.036249999999999005,492.4370976965964,-371.0094269759443,4.303259495029454,863.4465246725407
0.03750000000000142,489.0179705329241,-367.67786769829996,4.475387491186169,856.695838231224
0.038750000000000284,485.4899183397452,-364.2438565711129,4.646452335532936,849.7337749108581
0.03999999999999915,481.8537927408525,-360.70825975552,4.8164074191549,842.5620524963725
0.04125000000000156,478.1104734133914,-357.07196708954785,4.985206314890373,835.1824405029392
0.042500000000000426,474.2608678941045,-353.3358918453317,5.152802793207979,827.5967597394362
0.04374999999999929,470.30591137713014,-349.50097048193345,5.319150838120562,819.8068818590637
0.045000000000001705,466.2465665037726,-345.56816239383113,5.484204663118996,811.8147288976038
0.04625000000000057,462.08382314409545,-341.5384496551601,5.647918727121809,803.6222727992555
0.04749999999999943,457.81869817017576,-337.41283675977684,5.810247750436234,795.2315349299527
0.04875000000000185,453.4522352214664,-333.19235035722,5.971146730713807,786.6445855786865
0.05000000000000071,448.98550446212477,-328.878038984644,6.130570958896175,777.8635434467687
0.051249999999999574,444.4196023301279,-324.47097279480005,6.288476035146492,768.890575124928
0.05250000000000199,439.7556512786718,-319.9722432801339,6.444817884749498,759.7278945588057
0.05375000000000085,434.9947995097029,-315.38296299307683,6.599552773975897,750.3777625027797
0.054999999999999716,430.1382206993969,-310.70426526260314,6.7526373259059715,740.8424859620001
0.05625000000000213,425.18711371612204,-305.93730390712375,6.904028536195938,731.1244176232458
0.057500000000000995,420.1427023307316,-301.0832529437886,7.0536837887822355,721.2259552745202
0.05874999999999986,415.0062349189944,-296.14330629427195,7.201560871518742,711.1495412132664
0.060000000000002274,409.7789841567387,-291.11867748710955,7.347617991730488,700.8976616438482
0.06125000000000114,404.4622467075482,-286.01059935665734,7.491813791679074,690.4728460642056
0.0625,399.0573429028171,-280.8203237387467,7.634107363934549,679.8776666415638
0.06374999999999886,393.5656164148057,-275.5491211631007,7.774458266637368,669.1147375779065
0.06500000000000128,387.98843392231277,-270.1982805425866,7.912826538648156,658.1867144648994
0.06625000000000014,382.3271847694206,-264.769108859368,8.04917271457195,647.0962936287887
0.067499999999999,376.5832806169026,-259.2629308480322,8.183457839654427,635.8462114649348
0.06875000000000142,370.7581550869852,-253.68108867575557,8.315643484534185,624.4392437627408
0.07000000000000028,364.85326340128853,-248.02494161957722,8.445691759846207,612.8782050208657
0.07124999999999915,358.8700820117453,-242.29586574085027,8.573565330671228,601.1659477525956
0.07250000000000156,352.8101082251872,-236.4952535569358,8.699227430815919,589.305361782123
0.07375000000000043,346.6748598214232,-230.6245137102066,8.82264187691912,577.2993735316298
0.07499999999999929,340.4658746646043,-224.68507063442954,8.943773082378838,565.1509452990338
0.0762500000000017,334.1847103085962,-218.6783642185894,9.062586071085569,552.8630745271856
0.07750000000000057,327.83294359617736,-212.60584946822323,9.179046490957194,540.4387930644007
0.07874999999999943,321.41217025185756,-206.46899616432884,9.293120627270287,527.8811664161864
0.08000000000000185,314.9240044690667,-200.26928851991184,9.404775415774122,515.1932929889786
0.08125000000000071,308.37007849152593,-194.00822483423846,9.513978455582581,502.3783033257644
0.08249999999999957,301.75204218859574,-187.68731714485696,9.620698021839244,489.4393593334527
0.08375000000000199,295.0715626253767,-181.30809087745016,9.72490307814227,476.3796535028269
0.08500000000000085,288.3303236273719,-174.87208449358624,9.826563288724888,463.2024081209581
0.08624999999999972,281.5300253395032,-168.38084913642876,9.92564903038658,449.91087447593196
0.08750000000000213,274.6723837802833,-161.83594827446856,10.022131404162653,436.5083320547519
0.088750000000001,267.75913039094803,-155.2389573433418,10.115982246728073,422.99808773428987
0.08999999999999986,260.79201157933915,-148.5914633857966,10.207174141530889,409.38347496513575
0.09125000000000227,253.7727882593637,-141.8950646898679,10.29568042964391,395.6678529492316
0.09250000000000114,246.7032353858317,-135.15137042532461,10.381475220330616,381.8546058111564
0.09375,239.5851414844598,-128.36200027845072,10.464533401321038,367.9471417629105
0.09499999999999886,232.42030817792633,-121.52858408521973,10.544830648786872,353.94889226314604
0.09625000000000128,225.21054970750242,-114.65276146292427,10.622343437013685,339.8633111704267
0.09750000000000014,217.95769245087817,-107.73618144032183,10.697049047761682,325.6938738912
0.098749999999999,210.66357443569535,-100.78050208635742,10.768925579312885,311.44407652205274
0.10000000000000142,203.3300448496997,-93.78739013752117,10.837951955195145,297.11743498722086
0.10125000000000028,195.95896354730698,-86.75852062390317,10.904107932579882,282.7174841712101
0.10249999999999915,188.55220055236856,-79.69557649400414,10.967374110350082,268.2477770463727
0.10375000000000156,181.11163555802418,-72.60024823836142,11.027731936830234,253.7118837963856
0.10500000000000043,173.6391574234364,-65.47423351204904,11.08516371717542,239.11339093548546
0.10624999999999929,166.13666366719016,-58.31923675611242,11.139652620416626,224.45590042330258
0.1075000000000017,158.6060599582595,-51.13696881799471,11.191182686154827,209.74302877625422
0.10875000000000057,151.04925960433508,-43.929146571014336,11.239738830901686,194.97840617534942
0.10999999999999943,143.46818303729296,-36.69749253295253,11.285306854064103,180.16567557024547
0.11125000000000185,135.8647572967209,-29.443734483808374,11.327873443566535,165.30849178052927
0.11250000000000071,128.24091551129274,-22.169605082779743,11.367426181109133,150.4105205940725
0.11374999999999957,120.5985963777714,-14.876841484528716,11.40395354705953,135.4754378623001
0.11500000000000199,112.93974363856692,-7.567184954788274,11.437444924973226,120.5069285933552
0.11625000000000085,105.26630555763725,-0.24238048536903187,11.467890605741115,105.50868604300629
0.11749999999999972,97.58021268015735,7.09580187702088,11.495383592885492,90.48441080313646
0.11875000000000213,89.88330282192142,14.445492933115684,11.520032519739765,75.43780988880573
0.120000000000001,82.17738980379261,21.804793980064712,11.541831427264619,60.37259582372789
0.12124999999999986,74.46428943920257,29.17180371519747,11.560774941115614,45.292485724005104
0.12250000000000227,66.74581915543398,36.544618774320924,11.576858391713769,30.201200381113058
0.12375000000000114,59.02379760156829,43.92133425758818,11.590077815373448,15.102463343980112
0.125,51.30004425587012,51.30004425587006,11.600429955263353,5.887441829275179e-14
0.12624999999999886,43.576379033463944,58.678842377443935,11.607912262199788,-15.102463343979995
0.12750000000000128,35.854621893658134,66.05582227481396,11.612522895272502,-30.201200381155832
0.12875000000000014,28.13659244747222,73.4290781714772,11.614260722302827,-45.29248572400499
0.129999999999999,20.424109564722276,80.79670538845005,11.613125320134003,-60.37259582372778
0.13125000000000142,12.718990981520792,88.15680087036921,11.609116974753494,-75.4378098888484
0.13250000000000028,5.023052907845924,95.50746371098226,11.602236681247351,-90.48441080313634
0.13374999999999915,-2.661888783306903,102.84679725969927,11.592500990340211,-105.50868604300618
0.13500000000000156,-10.333962141241951,110.1729664521557,11.580091540725187,-120.50692859339766
0.13625000000000043,-17.991207428292007,117.484230434008,11.565062952678645,-135.4754378623
0.1374999999999993,-25.63166221453862,124.77885837953376,11.547417447723003,-150.41052059407238
0.1387500000000017,-33.25336880216129,132.05512297841014,11.527157715679355,-165.30849178057144
0.14000000000000057,-40.85437477284516,139.3113007974002,11.504286915725775,-180.16567557024538
0.14124999999999943,-48.43273353352501,146.5456726418243,11.478808677520641,-194.9784061753493
0.14250000000000185,-55.98650485949708,153.7565239167989,11.450727102389612,-209.74302877629597
0.1437500000000007,-63.513755435077094,160.94214498822538,11.420046764573343,-224.45590042330247
0.14499999999999957,-71.01255939197546,168.1008315435099,11.386772712532311,-239.11339093548534
0.146250000000002,-78.48099884443322,175.2308849519936,11.350910470307134,-253.7118837964268
0.14750000000000085,-85.9171644213011,182.33061262507147,11.312466038930717,-268.24777704637256
0.14874999999999972,-93.31915579523182,189.39832837597822,11.271445897887697,-282.71748417121006
0.15000000000000213,-100.68508220804617,196.4323527792154,11.227857006619542,-297.11743498726156
0.151250000000001,-108.01306299245783,203.43101352959482,11.181706806070652,-311.4440765220527
0.15249999999999986,-115.30122809032876,210.39264580087112,11.133003220270435,-325.69387389119987
0.15375000000000227,-122.54771856653319,217.3155926039335,11.081754657949292,-339.8633111704667
0.15500000000000114,-129.75068711861857,224.19820514452738,11.027970014183364,-353.948892263146
0.15625,-136.9082985824381,231.0388431804723,10.971658672062183,-367.9471417629104
0.15749999999999886,-144.01873043281412,237.8358753783421,10.912830504377258,-381.85460581115626
0.15875000000000128,-151.0801732796984,244.5876796695722,10.851495875324657,-395.66785294927064
0.16000000000000014,-158.09083135918178,251.29264360595405,10.787665642218437,-409.3834749651358
0.161249999999999,-165.0489230198112,257.9491647144787,10.72135115720734,-422.9980877342899
0.16250000000000142,-171.95268120330394,264.5556508514861,10.65256426899257,-436.50833205479006
0.16375000000000028,-178.80035391985564,271.1105205560762,10.581317324540228,-449.91087447593185
0.16499999999999915,-185.59020471822151,277.6122034027363,10.507623170780892,-463.20240812095784
0.16625000000000156,-192.32051314972898,284.0591403531351,10.4314951562944,-476.3796535028641
0.16750000000000043,-198.98957522641854,290.4497841070341,10.352947132972592,-489.4393593334526
0.1687499999999993,-205.59570387350078,296.7825994522635,10.271993457652247,-502.3783033257643
0.1700000000000017,-212.1372293753082,303.05606361370627,10.188648993716155,-515.1932929890145
0.17125000000000057,-218.61249981495092,309.26866660123517,10.102929112654797,-527.8811664161861
0.17249999999999943,-225.0198815078582,315.4189115565425,10.014849695580315,-540.4387930644008
0.17375000000000185,-231.35775942842025,321.50531509880034,9.924427134691017,-552.8630745272206
0.1750000000000007,-237.6245376299453,327.5264076690884,9.831678334678278,-565.1509452990338
0.17624999999999957,-243.8186396581056,333.48073387352406,9.736620714067472,-577.2993735316297
0.177500000000002,-249.93850895713348,339.3668528250235,9.639272206491116,-589.305361782157
0.17875000000000085,-255.98260926896984,345.18333848362585,9.53965126188603,-601.1659477525957
0.17999999999999972,-261.9494250255579,350.9287799953078,9.437776847605654,-612.8782050208657
0.18125000000000213,-267.83746173356127,356.6017820292119,9.333668449446185,-624.4392437627732
0.182500000000001,-273.6452463517229,362.2009651132117,9.227346072577957,-635.8462114649346
0.18374999999999986,-279.37132766105185,367.7249659677366,9.11883024237317,-647.0962936287884
0.18500000000000227,-285.0142766271581,373.1724378377726,9.008142005128837,-658.1867144649307
0.18625000000000114,-290.5726867549508,378.5420508229555,8.89530292867633,-669.1147375779063
0.1875,-296.04517443588975,383.83249220567393,8.780335102868419,-679.8776666415637
0.18874999999999886,-301.430379287115,389.04246677709045,8.66326113994359,-690.4728460642054
0.19000000000000128,-306.7269644828831,394.1706971609945,8.544104174756457,-700.8976616438777
0.19125000000000014,-311.9336170778725,399.2159241353939,8.422887864872184,-711.1495412132664
0.192499999999999,-317.04904832276674,404.17690695175327,8.299636390513582,-721.2259552745201
0.19375000000000142,-322.0719939714903,409.05242365178316,8.17437445436122,-731.1244176232735
0.19500000000000028,-327.00121458031794,413.84127138168196,8.047127281197819,-740.8424859619998
0.19624999999999915,-331.83549579904445,418.5422667037351,7.917920617388007,-750.3777625027795
0.19750000000000156,-336.5736486536625,423.15424590516955,7.786780730193862,-759.7278945588321
0.19875000000000043,-341.2145098207674,427.67606530416055,7.653734406917792,-768.890575124928
0.1999999999999993,-345.75694189387724,432.10660155289145,7.518808953863781,-777.8635434467686
0.2012500000000017,-350.1998336411529,436.44475193755807,7.382032195118246,-786.6445855787109
0.20250000000000057,-354.54210025473884,440.6894346752136,7.243432471142062,-795.2315349299524
0.20374999999999943,-358.78268359190776,444.8395892073478,7.10303863716514,-803.6222727992555
0.20500000000000185,-362.9205524075368,448.8941764900899,6.960880061385376,-811.8147288976267
0.2062500000000007,-366.95470257813554,452.8521792809281,6.8169866229638005,-819.8068818590637
0.20749999999999957,-370.88415731760114,456.71260242183496,6.671388709807644,-827.5967597394362
0.208750000000002,-374.70796738427555,460.474473118685,6.524117216143752,-835.1824405029605
0.21000000000000085,-378.42521127951557,464.13684121685696,6.37520353987467,-842.5620524963725
0.21124999999999972,-382.0349954379533,467.69877947290473,6.224679579709179,-849.7337749108581
0.21250000000000213,-385.5364544090599,471.15938382218343,6.072577732070814,-856.6958382312433
0.213750000000001,-388.92875103022163,474.51777364231896,5.918930887776719,-863.4465246725406
0.21499999999999986,-392.2110765914963,477.7730920124068,5.763772428479339,-869.9841686039031
0.21625000000000227,-395.38265099171167,480.9245059678214,5.607136222874988,-876.307156959533
0.21750000000000114,-398.4427228861043,483.97120675052645,5.449056622672308,-882.4139296366308
0.21875,-401.3905698256655,486.91241005476877,5.28956845831339,-888.3029798804342
0.21999999999999886,-404.2254983878749,489.7473562680405,5.128707034453013,-893.9728546559154
0.22125000000000128,-406.94684429913394,492.47531070719475,4.966508125186239,-899.4221550063287
0.22250000000000014,-409.55397254872,495.0955638496013,4.803007969027174,-904.6495363983213
0.223749999999999,-412.0462774945419,497.6074315592278,4.638243263629354,-909.6537090537697
0.22500000000000142,-414.423182960434,500.01025530752923,4.472251160254262,-914.4334382679632
0.22625000000000028,-416.6841423251758,502.30340238903636,4.305069257982115,-918.9875447142122
0.22749999999999915,-418.8286386033792,504.4862661315299,4.136735597658964,-923.3149047349091
0.22875000000000156,-420.85618451804874,506.55826610068294,3.96728865558706,-927.4144506187316
0.23000000000000043,-422.7663225649863,508.5188482990666,3.79676733695321,-931.2851708640529
0.2312499999999993,-424.5586250691773,510.36748535940575,3.625210968989691,-934.926110428583
0.2325000000000017,-426.232694233,512.1036767319742,3.4526592938756515,-938.3363709649742
0.23375000000000057,-427.78816217642753,513.7269488660214,3.2791524613741845,-941.5151110424489
0.23499999999999943,-429.22469096934185,515.2368553851256,3.1047310212004158,-944.4615463544675
0.23625000000000185,-430.54197265584685,516.6329772563652,2.9294359151292566,-947.174949912212
0.2375000000000007,-431.739729270739,517.9149229532022,2.7533084688387053,-949.6546522239412
0.23874999999999957,-432.8177128482414,519.0823286119808,2.5763903834846658,-951.9000414602222
0.240000000000002,-433.77570542293205,520.1348581819327,2.3987237270167814,-953.9105636048647
0.24125000000000085,-434.61351902300964,521.0722035685926,2.220350925231848,-955.6857225916023
0.24249999999999972,-435.33099565599554,521.8940847705277,2.041314752561321,-957.2250804265232
0.24375000000000213,-435.9280072868392,522.6002500092798,1.8616583226034016,-958.528257296119
0.245000000000001,-436.4044558085572,523.1904758524324,1.6814250783967823,-959.5949316609897
0.24624999999999986,-436.76027300549504,523.6645673297055,1.5006587824333506,-960.4248403352005
0.24750000000000227,-436.99542050921724,524.0223580419886,1.3194035064210348,-961.0177785512058
0.24875000000000114,-437.1098897471415,524.2637102632282,1.137703620794647,-961.3736000103697
0.25,-437.1037018839925,524.3885150350809,0.955603783972558,-961.4922169190734
0.25124999999999886,-436.9769077561227,524.3966922542469,0.7731489313718365,-961.3736000103697
0.2525000000000013,-436.72958779879536,524.288190752409,0.5903842641766119,-961.0177785512044
0.25375000000000014,-436.3618519665058,524.0629883686947,0.40735523786915073,-960.4248403352005
0.254999999999999,-435.873839646402,523.7210920145877,0.22410755051878262,-959.5949316609897
0.2562500000000014,-435.26571956490284,523.2625377312129,0.0406871308423169,-958.5282572961157
0.2575000000000003,-434.5376896875923,522.6873907389308,-0.14285987396483202,-957.2250804265232
0.25874999999999915,-433.6899771124343,521.995745479168,-0.32648711062731284,-955.6857225916023
0.26000000000000156,-432.7228379564385,521.1877256484207,-0.5101480324045844,-953.9105636048592
0.2612500000000004,-431.6365572358484,520.2634842243738,-0.6937959119217864,-951.9000414602222
0.2624999999999993,-430.4314487398695,519.2232034840717,-0.8773838542167117,-949.6546522239412
0.2637500000000017,-429.10785489811724,518.0670950140874,-1.0608648099883877,-947.1749499122046
0.26500000000000057,-427.6661466418295,516.795399712638,-1.2441915890468143,-944.4615463544675
0.26624999999999943,-426.1067232588506,515.4083877835983,-1.4273168739631332,-941.5151110424489
0.26750000000000185,-424.4300122426013,513.9063587223635,-1.610193233905171,-938.3363709649649
0.2687500000000007,-422.63646913506386,512.2896412935191,-1.7927731386573753,-934.926110428583
0.2699999999999996,-420.726577363771,510.55859350028186,-1.975008972823689,-931.2851708640529
0.271250000000002,-418.7008480730494,508.71360254567105,-2.1568530501979204,-927.4144506187205
0.27250000000000085,-416.55981994953066,506.75508478537836,-2.3382576282998926,-923.3149047349091
0.2737499999999997,-414.30405904190195,504.6834856723102,-2.5191749230755707,-918.9875447142122
0.27500000000000213,-411.93415857517857,502.49927969277167,-2.699557123745038,-914.4334382679502
0.276250000000001,-409.4507387594977,500.2029702942721,-2.8793564077962155,-909.6537090537698
0.27749999999999986,-406.85444659338714,497.79508980493426,-3.0585249561219148,-904.6495363983214
0.2787500000000023,-404.14595566182476,495.2761993444888,-3.237014968283733,-899.4221550063136
0.28000000000000114,-401.3259659290724,492.64688872684303,-3.414778677900153,-893.9728546559154
0.28125,-398.3952035262166,489.9077763542178,-3.5917683681559973,-888.3029798804343
0.28249999999999886,-395.354420533788,487.0595091028429,-3.7679363874158196,-882.4139296366309
0.2837500000000013,-392.2043947593004,484.10276220021507,-3.943235164941772,-876.3071569595155
0.28500000000000014,-388.9459295099878,481.03823909391537,-4.117617226701929,-869.9841686039032
0.286249999999999,-385.57985336054406,477.86667131199664,-4.291035211269185,-863.4465246725407
0.2875000000000014,-382.10701991627656,474.58881831494756,-4.4634418857930305,-856.6958382312241
0.2887500000000003,-378.5283075716121,471.205467339246,-4.634790162040591,-849.7337749108581
0.28999999999999915,-374.84461926385086,467.7174332325218,-4.805033112503021,-842.5620524963726
0.29125000000000156,-371.0568822225952,464.1255582803441,-4.974123986549955,-835.1824405029392
0.2925000000000004,-367.1660477147742,460.430712024662,-5.142016226627993,-827.5967597394362
0.2937499999999993,-363.1730907851403,456.6337910739236,-5.308663484499039,-819.8068818590639
0.2950000000000017,-359.07900999270106,452.7357189049028,-5.474019637500996,-811.8147288976039
0.29625000000000057,-354.88482714298243,448.7374456562732,-5.638038804826607,-803.6222727992556
0.29749999999999943,-350.5915870159896,444.639947913963,-5.800675363815847,-795.2315349299527
0.29875000000000185,-346.2003570903529,440.44422848833364,-5.961883966244456,-786.6445855786866
0.3000000000000007,-341.7122272635392,436.15131618322954,-6.121619554604117,-777.8635434467687
0.3012499999999996,-337.12830956798217,431.76226555694586,-6.279837378369371,-768.890575124928
0.302500000000002,-332.44973788364007,427.27815667516563,-6.436493010234043,-759.7278945588057
0.30375000000000085,-327.67766764685524,422.7000948559244,-6.591542362312341,-750.3777625027797
0.3049999999999997,-322.81327555533807,418.029210406662,-6.744941702299673,-740.8424859620001
0.30625000000000213,-317.85775926982615,413.2666583534197,-6.896647669575958,-731.1244176232459
0.307500000000001,-312.81233711226713,408.4136181622531,-7.046617291246575,-721.2259552745203
0.30874999999999986,-307.6782477603363,403.47129345293024,-7.194807998115713,-711.1495412132665
0.3100000000000023,-302.4567499388638,398.4409117049844,-7.341177640575237,-700.8976616438482
0.31125000000000114,-297.14912210800634,393.3237239561993,-7.485684504404047,-690.4728460642057
0.3125,-291.75666214795604,388.12100449360787,-7.62828732647266,-679.8776666415639
0.31374999999999886,-286.2806870408222,382.8340505370842,-7.768945310335952,-669.1147375779065
0.3150000000000013,-280.7225325492839,377.4641819156154,-7.90761814171189,-658.1867144648994
0.31625000000000014,-275.083552892446,372.01274073634255,-8.044266003832403,-647.0962936287885
0.317499999999999,-269.3651204184709,366.4810910464639,-8.17884959266392,-635.8462114649348
0.3187500000000014,-263.56862527464847,360.8706184880921,-8.311330131981112,-624.4392437627406
0.3200000000000003,-257.69547507470037,355.1827299461653,-8.441669388288862,-612.8782050208656
0.32124999999999915,-251.74709456307997,349.41885318951546,-8.569829685587045,-601.1659477525955
0.32250000000000156,-245.7249252769293,343.5804365051937,-8.695773919962548,-589.305361782123
0.3237500000000004,-239.63042520546898,337.66894832616083,-8.819465574003711,-577.2993735316298
0.3249999999999993,-233.4650684465787,331.68587685245524,-8.940868731031706,-565.1509452990339
0.3262500000000017,-227.23034486123882,325.6327296659471,-9.059948089134036,-552.863074527186
0.32750000000000057,-220.92775972560537,319.5110333387955,-9.17666897499524,-540.4387930644009
0.32874999999999943,-214.55883338045942,313.3223330357273,-9.290997357519643,-527.8811664161867
0.33000000000000185,-208.1251008787226,307.0681921102556,-9.402899861231836,-515.1932929889782
0.3312500000000007,-201.6281116308002,300.7501916949639,-9.512343779450216,-502.37830332576414
0.3324999999999996,-195.06942904747285,294.36993028597965,-9.619297087228555,-489.4393593334525
0.333750000000002,-188.4506301810626,287.9290233217642,-9.723728454052017,-476.3796535028268
0.33500000000000085,-181.77330536460576,281.4291027563523,-9.825607256283156,-463.202408120958
0.3362499999999997,-175.0390578487599,274.8718166271721,-9.924903589353072,-449.910874475932
0.33750000000000213,-168.24950343717236,268.2588286175798,-10.021588279684927,-436.5083320547522
0.338750000000001,-161.40627012004148,261.5918176142486,-10.11563289634565,-422.9980877342901
0.33999999999999986,-154.51099770558653,254.87247725954956,-10.207009762421178,-409.3834749651361
0.3412500000000023,-147.5653374501667,248.10251549906536,-10.295691966103368,-395.6678529492321
0.34250000000000114,-140.57095168677444,241.28365412438242,-10.381653371484683,-381.85460581115683
0.34375,-133.52951345160474,234.4176283113063,-10.464868629056204,-367.94714176291103
0.34499999999999886,-126.44270610950039,227.50618615364542,-10.545313185897935,-353.9488922631458
0.3462500000000013,-119.3122229777109,220.55108819271575,-10.622963295559316,-339.86331117042664
0.34750000000000014,-112.13976694848424,213.55410694271566,-10.697796027621074,-325.69387389119987
0.348749999999999,-104.92705010992862,206.5170264121241,-10.769789276936397,-311.44407652205274
0.3500000000000014,-97.67579336594513,199.44164162127583,-10.838921772541429,-297.117434987221
0.3512500000000003,-90.38772605493915,192.32975811627117,-10.905173086232072,-282.7174841712103
0.35249999999999915,-83.06458556699626,185.18319147937672,-10.968523640803436,-268.24777704637296
0.35375000000000156,-75.70811696031018,178.00376683607593,-11.02895471794351,-253.7118837963861
0.3550000000000004,-68.32007257655548,170.7933183589305,-11.086448465778178,-239.11339093548597
0.3562499999999993,-60.90221165488831,163.55368876841482,-11.140987906064538,-224.45590042330312
0.3575000000000017,-53.456299945369565,156.28672883088456,-11.19255694102499,-209.7430287762541
0.35875000000000057,-45.98410932150392,148.9942968538454,-11.241140359819807,-194.97840617534933
0.35999999999999943,-38.48741739155851,141.67825817868686,-11.286723844655459,-180.16567557024538
0.36125000000000185,-30.968007109482635,134.34048467104674,-11.329293976522349,-165.30849178052938
0.3625000000000007,-23.42766638509851,126.98285420897408,-11.368838240560102,-150.41052059407258
0.3637499999999996,-15.868187693240753,119.60725016905945,-11.405345031048071,-135.4754378623002
0.365000000000002,-8.291367682654773,112.21556091070076,-11.43880365601599,-120.50692859335552
0.36625000000000085,-0.6990067843320154,104.8096792586746,-11.469204341473251,-105.50868604300662
0.3674999999999997,6.907071937513866,97.39148274065087,-11.496638199429258,-90.48441080313701
0.36875000000000213,14.52493993382968,89.96274982263533,-11.52123948777546,-75.43780988880565
0.370000000000001,22.152632277324827,82.52522810105262,-11.543003207603881,-60.37259582372779
0.37124999999999986,29.78818129187575,75.08066701588075,-11.561924027419698,-45.292485724005004
0.3725000000000023,37.42961720314204,67.63081758425521,-11.577997308168282,-30.20120038111317
0.37375000000000114,45.0749686807963,60.177432024776536,-11.591219104330206,-15.102463343980233
0.375,52.7222633816455,52.722263381645675,-11.601586164861631,-1.7662325487825537e-13
0.37624999999999886,60.36952849264361,45.26706514866373,-11.609095933979106,15.102463343979878
0.3775000000000013,68.01479127428888,37.81359089313337,-11.613746551789289,30.201200381155502
0.37875000000000014,75.656079603703,30.363593879698353,-11.615536854763125,45.29248572400465
0.379999999999999,83.29142251788558,22.918826694158142,-11.614466376054501,60.37259582372744
0.3812500000000014,90.91885075614337,15.481040867294654,-11.610535345663044,75.43780988884872
0.3825000000000003,98.53639730188486,8.051986498748212,-11.603744690441106,90.48441080313665
0.38374999999999915,106.14209792398623,0.6334118809799637,-11.594096033944673,105.50868604300626
0.38500000000000156,113.7340103796825,-6.7729182137150685,-11.5816844436833,120.50692859339756
0.3862500000000004,121.31029319420578,-14.165144668094083,-11.566640396400613,135.47543786229988
0.3874999999999993,128.86913944239228,-21.541381151679957,-11.548967015950009,150.41052059407224
0.3887500000000017,136.40874609392597,-28.89974568664511,-11.52866709660879,165.30849178057107
0.39000000000000057,143.9273143124744,-36.23836125777065,-11.505743915150918,180.16567557024504
0.39124999999999943,151.42304984436902,-43.55535633098,-11.480201231811694,194.978406175349
0.39250000000000185,158.89416340646545,-50.84886536983084,-11.452043291301147,209.74302877629628
0.3937500000000007,166.33887107352604,-58.117029349776736,-11.421274823863435,224.45590042330278
0.3949999999999996,173.7553946654748,-65.35799627001079,-11.387901046378882,239.1133909354856
0.396250000000002,181.14196213372222,-72.56992166270476,-11.35192766350735,253.71188379642697
0.39750000000000085,188.49680794691278,-79.75096909945991,-11.313360868869568,268.2477770463727
0.3987499999999997,195.81817347642215,-86.8993106947878,-11.272207346262215,282.71748417120995
0.40000000000000213,203.10430738082158,-94.0131276064397,-11.228474270905357,297.1174349872613
0.401250000000001,210.35346598964543,-101.09061053240687,-11.182169310718137,311.4440765220523
0.40249999999999986,217.56391368678302,-108.12996020441656,-11.133300627617794,325.6938738911996
0.4037500000000023,224.7339232927173,-115.12938787774895,-11.081876878840585,339.86331117046626
0.40500000000000114,231.8617764459409,-122.08711581720453,-11.027907218279728,353.94889226314547
0.40625,238.94576398385698,-129.0013777790537,-10.971401297834834,367.9471417629107
0.40749999999999886,245.9841863223548,-135.87041948880173,-10.91236926877154,381.8546058111565
0.4087500000000013,252.97535383466362,-142.6924991146071,-10.850821783084559,395.6678529492707
0.41000000000000014,259.91758722894406,-149.46588773619163,-10.786769994861736,409.38347496513575
0.411249999999999,266.8092179252034,-156.1888698090864,-10.720225561641627,422.9980877342898
0.4125000000000014,273.6485884307317,-162.85974362405818,-10.651200645763357,436.5083320547899
0.4137500000000003,280.43405271436717,-169.47682176156462,-10.579707915702345,449.91087447593173
0.41499999999999915,287.16397657986556,-176.0384315410922,-10.505760547385211,463.2024081209577
0.41625000000000156,293.8367380376337,-182.54291546522987,-10.429372225482297,476.37965350286356
0.4175000000000004,300.45072767511454,-188.9886316583377,-10.350557144671068,489.4393593334522
0.4187499999999993,307.0043490260903,-195.37395429967358,-10.269330010863108,502.3783033257639
0.4200000000000017,313.49601893817385,-201.6972740508409,-10.185706042393312,515.1932929890147
0.42125000000000057,319.92416793875776,-207.9569984774287,-10.09970097116417,527.8811664161864
0.42249999999999943,326.28724059968505,-214.1515524647156,-10.011331043737247,540.4387930644007
0.42375000000000185,332.5836958999083,-220.27937862731218,-9.920613022370912,552.8630745272205
0.4250000000000007,338.8120075864089,-226.3389377126247,-9.827564185996556,565.1509452990337
0.4262499999999996,344.97066453360816,-232.32870899802143,-9.732202331125354,577.2993735316296
0.427500000000002,351.05817110056825,-238.24719068158822,-9.634545772684554,589.3053617821564
0.42875000000000085,357.07304748622823,-244.092900266367,-9.534613344775499,601.1659477525952
0.4299999999999997,363.0138300828953,-249.86437493796998,-9.432424401344983,612.8782050208654
0.43125000000000213,368.8790718273054,-255.56017193546813,-9.327998816769302,624.4392437627735
0.432500000000001,374.6673425494774,-261.1788689154575,-9.221356986342997,635.8462114649349
0.43374999999999986,380.37722931957796,-266.71906430921064,-9.112519826663542,647.0962936287887
0.4350000000000023,386.00733679210987,-272.1793776728207,-9.001508775911951,658.1867144649306
0.43625000000000114,391.5562875476518,-277.5584500302544,-8.888345794020863,669.1147375779062
0.4375,397.02272243233017,-282.85494420923345,-8.77305336272144,679.8776666415636
0.43874999999999886,402.40530089434213,-288.0675451698632,-8.655654485469675,690.4728460642053
0.4400000000000013,407.7027013179403,-293.194960325937,-8.536172687241244,700.8976616438773
0.44125000000000014,412.91362135442085,-298.2359198588452,-8.414632014193415,711.149541213266
0.442499999999999,418.0367782504948,-303.1891770240249,-8.291057033182984,721.2259552745197
0.4437500000000014,423.07090917338934,-308.05350844988425,-8.165472831141335,731.1244176232736
0.4450000000000003,428.0147715328542,-312.82771442914594,-8.037905014298316,740.8424859620001
0.44624999999999915,432.86714330022323,-317.51061920255654,-7.908379707246138,750.3777625027798
0.44750000000000156,437.6268233239248,-322.1010712349072,-7.776923551844724,759.727894558832
0.4487500000000004,442.29263164160653,-326.59794348332133,-7.643563705960151,768.8905751249279
0.4499999999999993,446.86340978900006,-331.0001336577686,-7.508327842027654,777.8635434467686
0.4512500000000017,451.3380211049496,-335.3065644737613,-7.371244145441053,786.6445855787108
0.45250000000000057,455.71535103275227,-339.51618389720016,-7.232341312760486,795.2315349299524
0.45374999999999943,459.9943074179157,-343.62796538133944,-7.091648549730068,803.6222727992553
0.45500000000000185,464.17382080178646,-347.64090809584036,-6.949195569107981,811.8147288976269
0.4562500000000007,468.25284471117493,-351.5540371478889,-6.80501258830108,819.8068818590639
0.4574999999999996,472.2303559440764,-355.3664037953598,-6.659130326795865,827.5967597394362
0.458750000000002,476.1053548509551,-359.07708565200545,-6.511580003389031,835.1824405029605
0.46000000000000085,479.876865611714,-362.6851868846584,-6.362393333209908,842.5620524963724
0.4612499999999997,483.5439365084207,-366.18983840243726,-6.21160252452702,849.733774910858
0.46250000000000213,487.105640193298,-369.59019803794547,-6.059240275342583,856.6958382312433
0.463750000000001,490.56107395207664,-372.885450720464,-5.905339769767679,863.4465246725406
0.46499999999999986,493.9093599627685,-376.07480864113455,-5.74993467417063,869.984168603903
0.4662500000000023,497.1496455493987,-379.15751141013413,-5.5930591331031705,876.3071569595329
0.46750000000000114,500.28110343077867,-382.1328262058519,-5.434747764997525,882.4139296366307
0.46875,503.302931964361,-385.00004791607313,-5.275035657627327,888.3029798804341
0.46999999999999886,506.2143553847339,-387.75849927118156,-5.113958363338211,893.9728546559154
0.4712500000000013,509.0146240369302,-390.40753096939847,-4.951551894038415,899.4221550063286
0.47250000000000014,511.70301460424764,-392.94652179407365,-4.787852715952366,904.6495363983213
0.473749999999999,514.2788303307206,-395.37487872304905,-4.622897744127918,909.6537090537696
0.4750000000000014,516.741401237846,-397.69203703011715,-4.4567243367039175,914.4334382679632
0.4762500000000003,519.0900843356092,-399.89746037860306,-4.2893702889323295,918.9875447142122
0.47749999999999915,521.3242638278128,-401.99064090709595,-4.120873826949041,923.3149047349089
0.47875000000000156,523.4433513113709,-403.9710993073606,-3.9512736013005334,927.4144506187314
0.4800000000000004,525.4467859695889,-405.83838489446373,-3.7806086802210888,931.2851708640527
0.4812499999999993,527.3340347594299,-407.59207566915296,-3.6089185426552683,934.9261104285829
0.4825000000000017,529.1045925924548,-409.23177837251967,-3.4362430710335756,938.3363709649744
0.48375000000000057,530.7579825094564,-410.75712853299257,-3.262622543796667,941.5151110424489
0.48499999999999943,532.2937558487636,-412.1677905057038,-3.0880976276632004,944.4615463544675
0.48625000000000185,533.7114924079453,-413.46345750426667,-2.912709369650318,947.174949912212
0.4875000000000007,535.0108005989242,-414.64385162501696,-2.736499188842455,949.6546522239412
0.4887499999999996,536.1913175964562,-415.7087238637659,-2.559508867904397,951.9000414602222
0.490000000000002,537.2527094797531,-416.65785412511144,-2.381780544348166,953.9105636048645
0.49125000000000085,538.19467136724,-417.49105122436237,-2.203356701550192,955.6857225916023
0.4924999999999997,539.0169275443926,-418.20815288213055,-2.024280159515219,957.2250804265232
0.49375000000000213,539.7192315844754,-418.80902571164364,-1.8445940653973696,958.528257296119
0.495000000000001,540.3013664621537,-419.293565198836,-1.6643418837754291,959.5949316609897
0.49624999999999986,540.7631446599214,-419.6616956752792,-1.483567386679358,960.4248403352005
0.4975000000000023,541.1044082671986,-419.91337028400727,-1.3023146433793642,961.0177785512058
0.49875000000000114,541.3250290720667,-420.0485709383028,-1.12062800993506,961.3736000103697
0.5,541.4249086455699,-420.0673082735036,-0.9385521185025314,961.4922169190734
