experiment,condition_id,condition_label,trial,frequency_hz,sample_amount_ml,effective_depth_cm,success,energy_wh,target_depth_cm
substrate,sandy,砂质底床,1,2.0,35.308066805822826,14.783597528311931,True,,15.0
substrate,sandy,砂质底床,2,2.0,34.199339477050884,13.749511166381714,True,,15.0
substrate,sandy,砂质底床,3,2.0,29.325454329701934,15.156331023635174,True,,15.0
substrate,sandy,砂质底床,4,2.0,31.552121550494437,14.134745675102804,True,,15.0
substrate,sandy,砂质底床,5,2.0,32.14584499177964,14.17119870926385,True,,15.0
substrate,sandy,砂质底床,6,2.0,31.548456070328253,14.85114642655294,True,,15.0
substrate,sandy,砂质底床,7,2.0,29.649828970483522,14.436195055837729,True,,15.0
substrate,sandy,砂质底床,8,2.0,33.33233496330813,13.28442191948895,True,,15.0
substrate,sandy,砂质底床,9,2.0,31.473508963983278,13.297958792280639,False,,15.0
substrate,sandy,砂质底床,10,2.0,32.54919879542612,15.007635410638025,True,,15.0
substrate,sandy,砂质底床,11,2.0,32.07912519458661,14.19094032354487,True,,15.0
substrate,sandy,砂质底床,12,2.0,32.306255441001596,13.397440258042248,True,,15.0
substrate,sandy,砂质底床,13,2.0,35.133067902942756,14.038254919312564,True,,15.0
substrate,sandy,砂质底床,14,2.0,29.75645503022976,15.082370648877756,True,,15.0
substrate,sandy,砂质底床,15,2.0,29.443445665963075,14.498904561878211,True,,15.0
substrate,sandy,砂质底床,16,2.0,32.44944565958636,14.451926366278057,True,,15.0
substrate,sandy,砂质底床,17,2.0,32.93033244050761,14.621803537033681,True,,15.0
substrate,sandy,砂质底床,18,2.0,32.32877975560371,13.263589366238243,True,,15.0
substrate,sandy,砂质底床,19,2.0,30.453758419291123,14.137693582914471,True,,15.0
substrate,sandy,砂质底床,20,2.0,32.24994972253379,13.518732646571326,True,,15.0
substrate,sandy,砂质底床,21,2.0,32.60164665119288,15.197531590325138,True,,15.0
substrate,sandy,砂质底床,22,2.0,33.29854709916107,14.319233444727319,True,,15.0
substrate,sandy,砂质底床,23,2.0,32.361901685385604,14.278759813130938,True,,15.0
substrate,sandy,砂质底床,24,2.0,33.26715098157929,13.739443320496052,False,,15.0
substrate,sandy,砂质底床,25,2.0,32.00259148302833,14.54679244442739,True,,15.0
substrate,sandy,砂质底床,26,2.0,32.42595646087891,14.228846875346779,True,,15.0
substrate,sandy,砂质底床,27,2.0,32.70610959293225,14.805329383801855,True,,15.0
substrate,sandy,砂质底床,28,2.0,29.975894541415794,15.365207398720719,True,,15.0
substrate,sandy,砂质底床,29,2.0,30.877890565533804,14.943590279331287,True,,15.0
substrate,sandy,砂质底床,30,2.0,33.19582917610266,14.216948191649527,True,,15.0
substrate,sandy,砂质底床,31,2.0,32.52964334521297,13.378070974062057,False,,15.0
substrate,sandy,砂质底床,32,2.0,29.67171597734082,14.361157293296836,True,,15.0
substrate,sandy,砂质底床,33,2.0,29.42231125441333,15.471951307079905,True,,15.0
substrate,sandy,砂质底床,34,2.0,31.024728185418915,14.2975315798653,True,,15.0
substrate,sandy,砂质底床,35,2.0,32.396560996066945,13.506191726327588,True,,15.0
substrate,sandy,砂质底床,36,2.0,31.471331762836,13.553248469379229,True,,15.0
substrate,sandy,砂质底床,37,2.0,32.40737794362298,13.790909609532605,True,,15.0
substrate,sandy,砂质底床,38,2.0,32.90778501334884,15.063156823066885,True,,15.0
substrate,sandy,砂质底床,39,2.0,33.85027934334587,12.832082449040936,True,,15.0
substrate,sandy,砂质底床,40,2.0,32.70955177665711,13.342386177388008,True,,15.0
substrate,sandy,砂质底床,41,2.0,34.137383000118106,14.418536735374524,True,,15.0
substrate,sandy,砂质底床,42,2.0,32.016569368068204,13.858351538305365,True,,15.0
substrate,sandy,砂质底床,43,2.0,30.95912150752247,13.216172637522897,False,,15.0
substrate,sandy,砂质底床,44,2.0,31.094253428195717,14.40711014417969,True,,15.0
substrate,sandy,砂质底床,45,2.0,31.734871328236434,14.697027752234527,True,,15.0
substrate,sandy,砂质底床,46,2.0,30.795850206446598,14.766805072911236,True,,15.0
substrate,sandy,砂质底床,47,2.0,28.91831633668637,13.989515106314466,False,,15.0
substrate,sandy,砂质底床,48,2.0,33.593491479874125,14.103803541732457,True,,15.0
substrate,sandy,砂质底床,49,2.0,30.763494793099746,14.419947045168659,False,,15.0
substrate,sandy,砂质底床,50,2.0,30.279270183277003,13.530743265815453,True,,15.0
substrate,sandy,砂质底床,51,2.0,31.75953792752961,13.407578221342199,True,,15.0
substrate,sandy,砂质底床,52,2.0,33.49842087562109,13.211030530929712,True,,15.0
substrate,sandy,砂质底床,53,2.0,33.59454374077817,15.013102386768958,True,,15.0
substrate,sandy,砂质底床,54,2.0,33.122064915645424,14.82016274958448,True,,15.0
substrate,sandy,砂质底床,55,2.0,32.374295467616044,14.983981113856077,True,,15.0
substrate,sandy,砂质底床,56,2.0,31.92934576622923,14.599259953564731,True,,15.0
substrate,sandy,砂质底床,57,2.0,30.680189172659013,14.57229855958626,True,,15.0
substrate,sandy,砂质底床,58,2.0,34.34576015639886,14.185584376475864,True,,15.0
substrate,sandy,砂质底床,59,2.0,30.393082488958427,14.070324614285234,True,,15.0
substrate,sandy,砂质底床,60,2.0,33.44623155817494,14.27898710500739,True,,15.0
substrate,sandy,砂质底床,61,2.0,37.12837350022666,14.19093507068211,True,,15.0
substrate,sandy,砂质底床,62,2.0,30.458941482811902,14.557890165024242,True,,15.0
substrate,sandy,砂质底床,63,2.0,31.59922890755725,13.728426312934555,True,,15.0
substrate,sandy,砂质底床,64,2.0,33.928867998154594,14.433876588086207,False,,15.0
substrate,sandy,砂质底床,65,2.0,30.187883653200124,15.030991795283562,True,,15.0
substrate,sandy,砂质底床,66,2.0,29.55048839509571,15.457253179066553,False,,15.0
substrate,sandy,砂质底床,67,2.0,32.345456691853855,14.173416216400888,True,,15.0
substrate,sandy,砂质底床,68,2.0,32.80579363156258,15.389906147025552,True,,15.0
substrate,sandy,砂质底床,69,2.0,34.164632622811034,13.989676373670855,True,,15.0
substrate,sandy,砂质底床,70,2.0,31.75359235726403,13.714491613166016,True,,15.0
substrate,sandy,砂质底床,71,2.0,32.99196398702206,13.598863511837493,True,,15.0
substrate,sandy,砂质底床,72,2.0,34.214919763664724,14.423663152890343,True,,15.0
substrate,sandy,砂质底床,73,2.0,32.56046888423339,14.282383011854808,True,,15.0
substrate,sandy,砂质底床,74,2.0,32.381192647848835,13.75824989228108,True,,15.0
substrate,sandy,砂质底床,75,2.0,31.143433383731868,14.98908426199527,True,,15.0
substrate,sandy,砂质底床,76,2.0,28.863753506049978,14.780908400291334,True,,15.0
substrate,sandy,砂质底床,77,2.0,32.84114327517201,13.956314218357104,True,,15.0
substrate,sandy,砂质底床,78,2.0,32.52483276971859,14.791438469585962,True,,15.0
substrate,sandy,砂质底床,79,2.0,31.323184497271477,13.763714117873723,True,,15.0
substrate,sandy,砂质底床,80,2.0,32.114709721312714,14.643937365194795,True,,15.0
substrate,sandy,砂质底床,81,2.0,31.07670974378023,15.24161083328396,True,,15.0
substrate,sandy,砂质底床,82,2.0,30.25889488379578,13.634052874551909,True,,15.0
substrate,sandy,砂质底床,83,2.0,32.623633957616136,14.766900774394989,True,,15.0
substrate,sandy,砂质底床,84,2.0,30.118011609249436,13.5277164118213,True,,15.0
substrate,sandy,砂质底床,85,2.0,33.808143993980956,13.070355419256375,True,,15.0
substrate,sandy,砂质底床,86,2.0,32.212509170577235,14.595049215568613,True,,15.0
substrate,sandy,砂质底床,87,2.0,35.995706137063635,15.354314482017719,True,,15.0
substrate,sandy,砂质底床,88,2.0,33.703851411243946,14.357270021820542,True,,15.0
substrate,sandy,砂质底床,89,2.0,35.07729920525532,14.002327361277422,True,,15.0
substrate,sandy,砂质底床,90,2.0,30.950649710809387,14.104579900566875,True,,15.0
substrate,sandy,砂质底床,91,2.0,30.592601361300158,15.161857844228482,True,,15.0
substrate,sandy,砂质底床,92,2.0,31.31062915565163,14.335520464963867,True,,15.0
substrate,sandy,砂质底床,93,2.0,30.022399286654633,14.114350849824987,True,,15.0
substrate,sandy,砂质底床,94,2.0,31.808883290202044,14.505094081728211,True,,15.0
substrate,sandy,砂质底床,95,2.0,32.07910636325834,14.098740216744618,True,,15.0
substrate,sandy,砂质底床,96,2.0,33.72308971039016,14.288348182304583,True,,15.0
substrate,sandy,砂质底床,97,2.0,32.08163654089802,13.990726270839069,True,,15.0
substrate,sandy,砂质底床,98,2.0,32.942652053939476,13.582457976596984,True,,15.0
substrate,sandy,砂质底床,99,2.0,32.35090450231511,14.758606059336564,True,,15.0
substrate,sandy,砂质底床,100,2.0,32.07990256120202,14.879657101216877,True,,15.0
substrate,muddy,泥质底床,1,2.0,30.285923174875325,14.155925056438715,True,,15.0
substrate,muddy,泥质底床,2,2.0,30.20978769336867,13.863237965047846,False,,15.0
substrate,muddy,泥质底床,3,2.0,28.64316647417631,13.72858122874878,True,,15.0
substrate,muddy,泥质底床,4,2.0,30.821376254618745,12.673787047206202,True,,15.0
substrate,muddy,泥质底床,5,2.0,29.485059358923895,14.2844341103044,True,,15.0
substrate,muddy,泥质底床,6,2.0,32.49703162323214,14.866735106127832,True,,15.0
substrate,muddy,泥质底床,7,2.0,34.27695638859325,14.208917468395493,True,,15.0
substrate,muddy,泥质底床,8,2.0,30.177048675697282,13.18986181042698,True,,15.0
substrate,muddy,泥质底床,9,2.0,29.4111146101564,13.727560780120408,True,,15.0
substrate,muddy,泥质底床,10,2.0,27.3565894309894,14.641510986523448,True,,15.0
substrate,muddy,泥质底床,11,2.0,27.51883458243558,14.754240999436995,True,,15.0
substrate,muddy,泥质底床,12,2.0,27.940264140006,14.370182673237327,True,,15.0
substrate,muddy,泥质底床,13,2.0,27.899014351479522,13.938154680116465,True,,15.0
substrate,muddy,泥质底床,14,2.0,28.165103195504273,14.002350226196977,True,,15.0
substrate,muddy,泥质底床,15,2.0,30.499630120401648,13.915987859002653,True,,15.0
substrate,muddy,泥质底床,16,2.0,31.699503914918512,14.502152394742971,True,,15.0
substrate,muddy,泥质底床,17,2.0,31.373285607878305,13.837338963155926,True,,15.0
substrate,muddy,泥质底床,18,2.0,29.51717697733934,14.546503251221706,True,,15.0
substrate,muddy,泥质底床,19,2.0,27.53424579981871,13.58649373370343,True,,15.0
substrate,muddy,泥质底床,20,2.0,29.173957775251388,14.467386270127353,False,,15.0
substrate,muddy,泥质底床,21,2.0,29.04238560154761,14.318058000729334,True,,15.0
substrate,muddy,泥质底床,22,2.0,31.554542054334714,14.142838336185207,True,,15.0
substrate,muddy,泥质底床,23,2.0,29.815583351775278,14.751925455326129,True,,15.0
substrate,muddy,泥质底床,24,2.0,29.522381551343738,13.663723876472384,True,,15.0
substrate,muddy,泥质底床,25,2.0,28.12586309844366,15.172575247675733,False,,15.0
substrate,muddy,泥质底床,26,2.0,31.245764702585728,13.237973928245632,False,,15.0
substrate,muddy,泥质底床,27,2.0,31.93049186844424,13.85767009740739,True,,15.0
substrate,muddy,泥质底床,28,2.0,31.67581893141024,14.164419354121373,True,,15.0
substrate,muddy,泥质底床,29,2.0,28.18803779922403,15.159386915173522,True,,15.0
substrate,muddy,泥质底床,30,2.0,28.537531345660792,13.628810197466727,False,,15.0
substrate,muddy,泥质底床,31,2.0,31.24474180585492,14.637073010528159,True,,15.0
substrate,muddy,泥质底床,32,2.0,31.129068426670003,14.878083314771068,True,,15.0
substrate,muddy,泥质底床,33,2.0,30.699786034936626,14.680615559079543,True,,15.0
substrate,muddy,泥质底床,34,2.0,30.368932685180102,14.064321807388234,True,,15.0
substrate,muddy,泥质底床,35,2.0,30.64510621132087,15.020580988850492,True,,15.0
substrate,muddy,泥质底床,36,2.0,31.35858943280036,13.96447566857077,True,,15.0
substrate,muddy,泥质底床,37,2.0,30.223991896398534,14.637415721454131,False,,15.0
substrate,muddy,泥质底床,38,2.0,29.222819564267542,14.468357859538092,True,,15.0
substrate,muddy,泥质底床,39,2.0,32.321281319347996,13.313183155577855,True,,15.0
substrate,muddy,泥质底床,40,2.0,28.52238561115955,13.524285645500841,True,,15.0
substrate,muddy,泥质底床,41,2.0,29.61680436081329,14.185767136157077,True,,15.0
substrate,muddy,泥质底床,42,2.0,31.716347219804916,13.316840103315421,True,,15.0
substrate,muddy,泥质底床,43,2.0,29.29793766636687,13.86042434034488,True,,15.0
substrate,muddy,泥质底床,44,2.0,31.71587980470656,14.050528452972552,True,,15.0
substrate,muddy,泥质底床,45,2.0,28.298033729538368,13.89999339510983,True,,15.0
substrate,muddy,泥质底床,46,2.0,29.646564623301686,14.597826440123264,False,,15.0
substrate,muddy,泥质底床,47,2.0,31.893464602470335,14.813203731122707,True,,15.0
substrate,muddy,泥质底床,48,2.0,29.98744043078212,14.140214383904292,True,,15.0
substrate,muddy,泥质底床,49,2.0,30.183772140616554,14.36260115071977,True,,15.0
substrate,muddy,泥质底床,50,2.0,30.846615164494402,14.33748364785683,True,,15.0
substrate,muddy,泥质底床,51,2.0,29.97850788874181,13.663725550723662,True,,15.0
substrate,muddy,泥质底床,52,2.0,30.094213518483567,13.923227270665473,True,,15.0
substrate,muddy,泥质底床,53,2.0,29.48925510193941,13.907114513149628,True,,15.0
substrate,muddy,泥质底床,54,2.0,28.800154616824464,13.231069930356767,False,,15.0
substrate,muddy,泥质底床,55,2.0,29.151694557512638,13.681963720875878,True,,15.0
substrate,muddy,泥质底床,56,2.0,31.007162360101127,14.589252947608921,True,,15.0
substrate,muddy,泥质底床,57,2.0,28.139412106019957,14.210072349569709,True,,15.0
substrate,muddy,泥质底床,58,2.0,28.826519906768503,14.712868582428648,True,,15.0
substrate,muddy,泥质底床,59,2.0,30.96884699580867,13.567670317815143,False,,15.0
substrate,muddy,泥质底床,60,2.0,31.038022218205448,14.467179669987244,True,,15.0
substrate,muddy,泥质底床,61,2.0,29.44396670468672,14.399019509181569,True,,15.0
substrate,muddy,泥质底床,62,2.0,28.820629389891167,13.987018219522776,True,,15.0
substrate,muddy,泥质底床,63,2.0,29.76769093973822,14.033125207834157,True,,15.0
substrate,muddy,泥质底床,64,2.0,27.71237982351741,13.899632881857162,True,,15.0
substrate,muddy,泥质底床,65,2.0,31.62128297643312,13.53667846152168,False,,15.0
substrate,muddy,泥质底床,66,2.0,30.055041089622343,14.58269233016767,True,,15.0
substrate,muddy,泥质底床,67,2.0,29.06567459110726,14.971837673397,True,,15.0
substrate,muddy,泥质底床,68,2.0,27.67254950162271,15.075356884324302,True,,15.0
substrate,muddy,泥质底床,69,2.0,30.637599464485337,14.491053593616536,True,,15.0
substrate,muddy,泥质底床,70,2.0,32.09334282448497,14.017360334442326,True,,15.0
substrate,muddy,泥质底床,71,2.0,30.38137708926554,14.706292837318866,True,,15.0
substrate,muddy,泥质底床,72,2.0,30.55686888748078,14.638478548646436,True,,15.0
substrate,muddy,泥质底床,73,2.0,30.566151688328777,14.08989792698833,True,,15.0
substrate,muddy,泥质底床,74,2.0,30.6435303486149,14.144351530399318,True,,15.0
substrate,muddy,泥质底床,75,2.0,28.46509706206971,14.773438172726427,True,,15.0
substrate,muddy,泥质底床,76,2.0,29.389462604388285,14.809776508393607,True,,15.0
substrate,muddy,泥质底床,77,2.0,27.440761947037974,14.58377613290708,True,,15.0
substrate,muddy,泥质底床,78,2.0,26.49394213816138,14.217174217134104,True,,15.0
substrate,muddy,泥质底床,79,2.0,29.966409133077672,13.420622921632598,True,,15.0
substrate,muddy,泥质底床,80,2.0,30.129243003573556,13.812728595904893,True,,15.0
substrate,muddy,泥质底床,81,2.0,30.9319399190525,14.283555169647693,True,,15.0
substrate,muddy,泥质底床,82,2.0,26.842235183569894,14.377336517870415,True,,15.0
substrate,muddy,泥质底床,83,2.0,27.963803231183558,13.081090031195583,True,,15.0
substrate,muddy,泥质底床,84,2.0,31.00793023817404,14.115045795479666,True,,15.0
substrate,muddy,泥质底床,85,2.0,28.870213948857103,14.157623297224436,True,,15.0
substrate,muddy,泥质底床,86,2.0,31.53145608268663,13.842772616719552,True,,15.0
substrate,muddy,泥质底床,87,2.0,29.083913695994948,14.1287462347373,True,,15.0
substrate,muddy,泥质底床,88,2.0,31.608155250342758,13.568450441080413,True,,15.0
substrate,muddy,泥质底床,89,2.0,29.81191386780474,13.832330499811457,True,,15.0
substrate,muddy,泥质底床,90,2.0,31.195620427762243,14.743118310617334,True,,15.0
substrate,muddy,泥质底床,91,2.0,28.507214996161323,13.700753716503648,True,,15.0
substrate,muddy,泥质底床,92,2.0,29.025729620225235,14.389848301476396,True,,15.0
substrate,muddy,泥质底床,93,2.0,30.06600794440716,14.954254841239672,True,,15.0
substrate,muddy,泥质底床,94,2.0,29.643942292276886,14.204658983661938,True,,15.0
substrate,muddy,泥质底床,95,2.0,29.022584267496192,14.05375738293794,True,,15.0
substrate,muddy,泥质底床,96,2.0,30.306025896302327,14.444867331900651,True,,15.0
substrate,muddy,泥质底床,97,2.0,27.51964523998799,14.74772678344311,False,,15.0
substrate,muddy,泥质底床,98,2.0,29.99721564530426,14.461418462126076,False,,15.0
substrate,muddy,泥质底床,99,2.0,30.65886505367982,12.715865210411764,True,,15.0
substrate,muddy,泥质底床,100,2.0,31.379209932284493,13.812449685555176,True,,15.0
substrate,mixed,混合底床,1,2.0,32.35609624697057,14.940026920142504,True,,15.0
substrate,mixed,混合底床,2,2.0,30.774439637163344,14.859526145637517,True,,15.0
substrate,mixed,混合底床,3,2.0,30.9207205361156,14.18810758209808,True,,15.0
substrate,mixed,混合底床,4,2.0,32.63652715876865,15.19086240225584,True,,15.0
substrate,mixed,混合底床,5,2.0,32.076636129936105,14.388045170561808,True,,15.0
substrate,mixed,混合底床,6,2.0,31.080039634859325,14.270930877366578,False,,15.0
substrate,mixed,混合底床,7,2.0,30.773692647504284,14.959170801532215,True,,15.0
substrate,mixed,混合底床,8,2.0,30.687806539290655,15.664676417596704,True,,15.0
substrate,mixed,混合底床,9,2.0,29.270062149565838,14.258345890508448,True,,15.0
substrate,mixed,混合底床,10,2.0,30.853184587516928,14.970128517748172,False,,15.0
substrate,mixed,混合底床,11,2.0,31.302308523673894,13.439062280670186,True,,15.0
substrate,mixed,混合底床,12,2.0,29.232991120879586,14.473162963385763,True,,15.0
substrate,mixed,混合底床,13,2.0,34.579928674616006,13.326919774749149,True,,15.0
substrate,mixed,混合底床,14,2.0,30.327373773309265,13.148569911027243,True,,15.0
substrate,mixed,混合底床,15,2.0,31.801034948799316,14.222407552439012,True,,15.0
substrate,mixed,混合底床,16,2.0,29.707460522360357,13.952652737788783,True,,15.0
substrate,mixed,混合底床,17,2.0,31.723292120922917,14.415199341105177,True,,15.0
substrate,mixed,混合底床,18,2.0,31.88750528702167,14.574916821680803,True,,15.0
substrate,mixed,混合底床,19,2.0,30.97625346631528,14.160893454087933,False,,15.0
substrate,mixed,混合底床,20,2.0,29.090276293416135,14.852612106448301,False,,15.0
substrate,mixed,混合底床,21,2.0,29.974112017730732,13.981636065958673,True,,15.0
substrate,mixed,混合底床,22,2.0,30.511498134932715,12.737079736302645,True,,15.0
substrate,mixed,混合底床,23,2.0,32.79110889636599,14.309410123671203,True,,15.0
substrate,mixed,混合底床,24,2.0,32.89688082462911,15.186256904763448,True,,15.0
substrate,mixed,混合底床,25,2.0,30.150968579477844,14.190067703538594,True,,15.0
substrate,mixed,混合底床,26,2.0,29.657844487754684,14.65789461516942,True,,15.0
substrate,mixed,混合底床,27,2.0,33.008701476148374,13.785376789516901,True,,15.0
substrate,mixed,混合底床,28,2.0,32.363107097055114,14.012350689111445,True,,15.0
substrate,mixed,混合底床,29,2.0,30.43968436081636,14.30279964295102,True,,15.0
substrate,mixed,混合底床,30,2.0,29.736892420902816,14.072864784628965,True,,15.0
substrate,mixed,混合底床,31,2.0,30.22404670208627,15.440648196663455,True,,15.0
substrate,mixed,混合底床,32,2.0,30.29263716927383,14.695105057838704,True,,15.0
substrate,mixed,混合底床,33,2.0,30.62807666674327,13.428616549485916,True,,15.0
substrate,mixed,混合底床,34,2.0,32.63980074942234,14.504811258084638,True,,15.0
substrate,mixed,混合底床,35,2.0,31.32889239143417,13.769870400326528,True,,15.0
substrate,mixed,混合底床,36,2.0,28.491789365445825,14.801087315063864,True,,15.0
substrate,mixed,混合底床,37,2.0,29.93305209586441,14.018161486923498,True,,15.0
substrate,mixed,混合底床,38,2.0,31.47304631524282,14.017883453864513,True,,15.0
substrate,mixed,混合底床,39,2.0,32.42849296481208,14.878395608713316,True,,15.0
substrate,mixed,混合底床,40,2.0,29.452373248781996,14.13552262352334,True,,15.0
substrate,mixed,混合底床,41,2.0,30.005242521687066,14.153488855348822,True,,15.0
substrate,mixed,混合底床,42,2.0,29.686956125379606,14.911424249045469,False,,15.0
substrate,mixed,混合底床,43,2.0,31.89661974136932,14.8701265971755,True,,15.0
substrate,mixed,混合底床,44,2.0,30.370788327003805,13.768474259665881,True,,15.0
substrate,mixed,混合底床,45,2.0,31.335780077895215,14.473352713905776,True,,15.0
substrate,mixed,混合底床,46,2.0,30.28178146744454,14.40821565888792,True,,15.0
substrate,mixed,混合底床,47,2.0,29.751077951374103,14.272131008192275,True,,15.0
substrate,mixed,混合底床,48,2.0,31.052638439517835,14.436123894978621,True,,15.0
substrate,mixed,混合底床,49,2.0,33.84477694975517,14.33776759802381,True,,15.0
substrate,mixed,混合底床,50,2.0,30.10765610899056,14.767151871074514,True,,15.0
substrate,mixed,混合底床,51,2.0,34.070488077193644,13.79385675064932,True,,15.0
substrate,mixed,混合底床,52,2.0,28.708646976666977,13.94875268070451,True,,15.0
substrate,mixed,混合底床,53,2.0,30.640146075251465,14.656976076673494,True,,15.0
substrate,mixed,混合底床,54,2.0,30.95349594533067,15.186032707495947,True,,15.0
substrate,mixed,混合底床,55,2.0,31.24939008998584,13.552565872980965,True,,15.0
substrate,mixed,混合底床,56,2.0,29.510891443880322,14.585074265626577,True,,15.0
substrate,mixed,混合底床,57,2.0,32.56647880362533,13.902235598118356,False,,15.0
substrate,mixed,混合底床,58,2.0,31.18254167022919,14.936605961800257,True,,15.0
substrate,mixed,混合底床,59,2.0,31.69102462404691,14.502819770630126,True,,15.0
substrate,mixed,混合底床,60,2.0,29.573948988637195,15.275886304418089,True,,15.0
substrate,mixed,混合底床,61,2.0,28.95242594039705,15.687266834854123,True,,15.0
substrate,mixed,混合底床,62,2.0,31.05021931704968,15.54122575995685,False,,15.0
substrate,mixed,混合底床,63,2.0,29.127677484894498,13.715682636491564,True,,15.0
substrate,mixed,混合底床,64,2.0,30.034810905261146,14.460175077502255,True,,15.0
substrate,mixed,混合底床,65,2.0,32.15165560940593,15.212209456058478,True,,15.0
substrate,mixed,混合底床,66,2.0,30.68906863681416,13.36679297619209,True,,15.0
substrate,mixed,混合底床,67,2.0,33.14514334394921,14.534515346114068,True,,15.0
substrate,mixed,混合底床,68,2.0,32.24020093691883,14.13687802452772,True,,15.0
substrate,mixed,混合底床,69,2.0,29.26462931998037,13.865048489855385,True,,15.0
substrate,mixed,混合底床,70,2.0,30.103493198626545,15.268217152427912,True,,15.0
substrate,mixed,混合底床,71,2.0,28.53687525093752,14.36360824530738,True,,15.0
substrate,mixed,混合底床,72,2.0,31.04485757145142,14.048857292376693,True,,15.0
substrate,mixed,混合底床,73,2.0,34.283019980123285,14.460167872763497,True,,15.0
substrate,mixed,混合底床,74,2.0,30.819133463235993,14.50154243487304,True,,15.0
substrate,mixed,混合底床,75,2.0,31.21155400809194,12.8654418817591,True,,15.0
substrate,mixed,混合底床,76,2.0,32.224539202419436,14.227457950705707,False,,15.0
substrate,mixed,混合底床,77,2.0,30.584604853669955,14.96595744597489,True,,15.0
substrate,mixed,混合底床,78,2.0,30.622910303710164,13.736403836898953,True,,15.0
substrate,mixed,混合底床,79,2.0,33.881303605917374,13.477294122454843,True,,15.0
substrate,mixed,混合底床,80,2.0,29.584265598485935,14.04867597910122,True,,15.0
substrate,mixed,混合底床,81,2.0,31.54635393107628,14.255254919117991,True,,15.0
substrate,mixed,混合底床,82,2.0,28.606561028530752,14.813497356815214,True,,15.0
substrate,mixed,混合底床,83,2.0,30.748934631040925,15.100783057029602,True,,15.0
substrate,mixed,混合底床,84,2.0,31.205524441454422,14.261476595950446,True,,15.0
substrate,mixed,混合底床,85,2.0,30.87852664018645,13.02106000531659,True,,15.0
substrate,mixed,混合底床,86,2.0,30.623694218030035,15.092399742407103,True,,15.0
substrate,mixed,混合底床,87,2.0,31.757326391687528,14.52663010432998,True,,15.0
substrate,mixed,混合底床,88,2.0,31.396263274180637,14.218266905644022,True,,15.0
substrate,mixed,混合底床,89,2.0,30.975131151044426,14.51808240216993,True,,15.0
substrate,mixed,混合底床,90,2.0,29.01362721198781,13.550153410780018,True,,15.0
substrate,mixed,混合底床,91,2.0,30.292885930237503,14.819392505554676,True,,15.0
substrate,mixed,混合底床,92,2.0,28.404832860402234,14.672064289131992,True,,15.0
substrate,mixed,混合底床,93,2.0,31.06666931084735,14.674101163615378,True,,15.0
substrate,mixed,混合底床,94,2.0,28.77098248227786,14.025217764335041,True,,15.0
substrate,mixed,混合底床,95,2.0,28.89741817339153,13.824547917790104,True,,15.0
substrate,mixed,混合底床,96,2.0,30.089441376023803,15.123423582708343,True,,15.0
substrate,mixed,混合底床,97,2.0,31.21155859196169,14.861750576760468,False,,15.0
substrate,mixed,混合底床,98,2.0,31.374359936211057,13.703613557743926,False,,15.0
substrate,mixed,混合底床,99,2.0,31.688056063205096,14.133057122067264,True,,15.0
substrate,mixed,混合底床,100,2.0,29.428707445686776,13.109972871259174,True,,15.0
substrate,high_silt,高浊度泥沙,1,2.0,30.176053023171146,14.256705049647987,True,,15.0
substrate,high_silt,高浊度泥沙,2,2.0,27.768762017236764,13.452644734340721,True,,15.0
substrate,high_silt,高浊度泥沙,3,2.0,28.36916804001892,13.799986172787104,True,,15.0
substrate,high_silt,高浊度泥沙,4,2.0,28.233436135960268,13.672855869978155,True,,15.0
substrate,high_silt,高浊度泥沙,5,2.0,27.689710268616164,13.277858417078786,False,,15.0
substrate,high_silt,高浊度泥沙,6,2.0,30.437642716471633,13.264101339946963,True,,15.0
substrate,high_silt,高浊度泥沙,7,2.0,27.31378287267127,13.645446017545586,True,,15.0
substrate,high_silt,高浊度泥沙,8,2.0,26.648028230601824,13.23008930319028,True,,15.0
substrate,high_silt,高浊度泥沙,9,2.0,26.421502718313015,13.985789789329825,True,,15.0
substrate,high_silt,高浊度泥沙,10,2.0,29.37178691095693,14.140828804056806,True,,15.0
substrate,high_silt,高浊度泥沙,11,2.0,27.13828931541588,13.467461696371965,True,,15.0
substrate,high_silt,高浊度泥沙,12,2.0,27.15698724815878,14.202587996428543,True,,15.0
substrate,high_silt,高浊度泥沙,13,2.0,28.86924552269437,13.096187285500571,True,,15.0
substrate,high_silt,高浊度泥沙,14,2.0,28.481085963304498,13.247058280595795,True,,15.0
substrate,high_silt,高浊度泥沙,15,2.0,29.47932815277299,15.059421262481454,False,,15.0
substrate,high_silt,高浊度泥沙,16,2.0,28.834745880573497,13.931921192347408,True,,15.0
substrate,high_silt,高浊度泥沙,17,2.0,29.53232282641893,13.355225675733218,True,,15.0
substrate,high_silt,高浊度泥沙,18,2.0,29.976125271995997,13.231222420464919,True,,15.0
substrate,high_silt,高浊度泥沙,19,2.0,26.108510732070595,13.429182759893108,True,,15.0
substrate,high_silt,高浊度泥沙,20,2.0,28.515765381276925,13.915511543464763,True,,15.0
substrate,high_silt,高浊度泥沙,21,2.0,28.63840164889195,13.601849491671706,True,,15.0
substrate,high_silt,高浊度泥沙,22,2.0,29.725980425537017,14.242726638754549,True,,15.0
substrate,high_silt,高浊度泥沙,23,2.0,29.018380075350944,12.646960070116375,True,,15.0
substrate,high_silt,高浊度泥沙,24,2.0,28.64723570678526,13.494431403274517,True,,15.0
substrate,high_silt,高浊度泥沙,25,2.0,27.89663915080564,13.950958901906283,True,,15.0
substrate,high_silt,高浊度泥沙,26,2.0,28.07157026237864,13.087862832345712,True,,15.0
substrate,high_silt,高浊度泥沙,27,2.0,30.328794645356496,13.590946929718832,True,,15.0
substrate,high_silt,高浊度泥沙,28,2.0,30.194047782895783,12.934874007246155,True,,15.0
substrate,high_silt,高浊度泥沙,29,2.0,31.213996016808338,12.972181430450549,True,,15.0
substrate,high_silt,高浊度泥沙,30,2.0,28.238167651110313,13.78786926857907,True,,15.0
substrate,high_silt,高浊度泥沙,31,2.0,27.631181490570114,13.398813134430288,True,,15.0
substrate,high_silt,高浊度泥沙,32,2.0,27.069518444646285,13.701382618737318,False,,15.0
substrate,high_silt,高浊度泥沙,33,2.0,29.651460257354394,13.003649095917437,True,,15.0
substrate,high_silt,高浊度泥沙,34,2.0,28.092517892940105,14.209289125842618,True,,15.0
substrate,high_silt,高浊度泥沙,35,2.0,27.40865685739175,13.706262235818203,True,,15.0
substrate,high_silt,高浊度泥沙,36,2.0,31.708917442417185,13.739365912651007,True,,15.0
substrate,high_silt,高浊度泥沙,37,2.0,30.55210750911835,13.609949654419037,True,,15.0
substrate,high_silt,高浊度泥沙,38,2.0,28.66927283355807,13.131816504079955,True,,15.0
substrate,high_silt,高浊度泥沙,39,2.0,30.28248920959652,13.993179246214744,True,,15.0
substrate,high_silt,高浊度泥沙,40,2.0,25.874864317008065,13.575316737872487,True,,15.0
substrate,high_silt,高浊度泥沙,41,2.0,27.381441571312816,13.260661992509275,True,,15.0
substrate,high_silt,高浊度泥沙,42,2.0,28.73226009709814,14.302333238272896,False,,15.0
substrate,high_silt,高浊度泥沙,43,2.0,28.9738725488867,13.533767668777983,True,,15.0
substrate,high_silt,高浊度泥沙,44,2.0,29.974230433805445,14.009903829221699,False,,15.0
substrate,high_silt,高浊度泥沙,45,2.0,29.129472243861148,13.774353071435893,False,,15.0
substrate,high_silt,高浊度泥沙,46,2.0,28.65199560490529,15.011787258971525,True,,15.0
substrate,high_silt,高浊度泥沙,47,2.0,27.2748672045457,13.858027741216867,False,,15.0
substrate,high_silt,高浊度泥沙,48,2.0,29.164347111208713,13.791898271319326,False,,15.0
substrate,high_silt,高浊度泥沙,49,2.0,25.946580513936908,13.593973935662078,False,,15.0
substrate,high_silt,高浊度泥沙,50,2.0,30.963537242698482,14.198017698956328,True,,15.0
substrate,high_silt,高浊度泥沙,51,2.0,28.03282116652968,13.8568510535314,False,,15.0
substrate,high_silt,高浊度泥沙,52,2.0,29.86098944758895,14.303104466313881,True,,15.0
substrate,high_silt,高浊度泥沙,53,2.0,26.136098384307513,14.391080931508746,False,,15.0
substrate,high_silt,高浊度泥沙,54,2.0,30.074761761373875,13.707740775182463,True,,15.0
substrate,high_silt,高浊度泥沙,55,2.0,29.916365237662305,13.786905605639616,True,,15.0
substrate,high_silt,高浊度泥沙,56,2.0,30.744797592095463,13.166926589105735,True,,15.0
substrate,high_silt,高浊度泥沙,57,2.0,28.931961081079685,14.331589201547985,True,,15.0
substrate,high_silt,高浊度泥沙,58,2.0,29.846610035542703,15.825067558058928,True,,15.0
substrate,high_silt,高浊度泥沙,59,2.0,30.128269947077438,13.514341584176986,True,,15.0
substrate,high_silt,高浊度泥沙,60,2.0,28.973496049302856,14.076460929207755,True,,15.0
substrate,high_silt,高浊度泥沙,61,2.0,29.675240300295485,13.818661672777544,True,,15.0
substrate,high_silt,高浊度泥沙,62,2.0,29.16351047326973,13.846177297762999,False,,15.0
substrate,high_silt,高浊度泥沙,63,2.0,29.365884388943915,14.44823793952564,False,,15.0
substrate,high_silt,高浊度泥沙,64,2.0,28.913268287491533,13.789445419804752,True,,15.0
substrate,high_silt,高浊度泥沙,65,2.0,28.27491709098175,14.00450089957554,True,,15.0
substrate,high_silt,高浊度泥沙,66,2.0,27.54898928923874,13.999446176340083,True,,15.0
substrate,high_silt,高浊度泥沙,67,2.0,28.19339848742499,13.481158682596487,True,,15.0
substrate,high_silt,高浊度泥沙,68,2.0,30.5932251896323,13.803663994285566,True,,15.0
substrate,high_silt,高浊度泥沙,69,2.0,30.729953641425983,13.358219245022905,True,,15.0
substrate,high_silt,高浊度泥沙,70,2.0,27.59147765050754,14.717319064697792,True,,15.0
substrate,high_silt,高浊度泥沙,71,2.0,27.784120707786126,13.715856901536448,False,,15.0
substrate,high_silt,高浊度泥沙,72,2.0,28.668919635420924,13.963588409666846,True,,15.0
substrate,high_silt,高浊度泥沙,73,2.0,28.523545547677127,14.32595984737211,True,,15.0
substrate,high_silt,高浊度泥沙,74,2.0,26.36897820351726,14.587438834825623,True,,15.0
substrate,high_silt,高浊度泥沙,75,2.0,27.841656264811387,12.922027258623357,True,,15.0
substrate,high_silt,高浊度泥沙,76,2.0,29.98104496927687,13.053669000497266,True,,15.0
substrate,high_silt,高浊度泥沙,77,2.0,27.571852764605012,13.388512193576657,True,,15.0
substrate,high_silt,高浊度泥沙,78,2.0,29.819981328333803,14.035078431370003,True,,15.0
substrate,high_silt,高浊度泥沙,79,2.0,27.39942384818726,14.033252167605083,True,,15.0
substrate,high_silt,高浊度泥沙,80,2.0,29.899206883752058,14.029848726288446,True,,15.0
substrate,high_silt,高浊度泥沙,81,2.0,27.51799627338719,14.144602004320264,True,,15.0
substrate,high_silt,高浊度泥沙,82,2.0,30.30075142182941,13.020140640829613,True,,15.0
substrate,high_silt,高浊度泥沙,83,2.0,29.307766608322517,13.475593053076215,True,,15.0
substrate,high_silt,高浊度泥沙,84,2.0,30.74727332116163,14.008658544034866,True,,15.0
substrate,high_silt,高浊度泥沙,85,2.0,26.02800951089622,14.477151887930832,True,,15.0
substrate,high_silt,高浊度泥沙,86,2.0,28.252724766576524,14.081234580398354,True,,15.0
substrate,high_silt,高浊度泥沙,87,2.0,27.329496278892208,13.95455411673287,True,,15.0
substrate,high_silt,高浊度泥沙,88,2.0,27.52447004505675,13.809641052306576,True,,15.0
substrate,high_silt,高浊度泥沙,89,2.0,31.689558567945078,13.474134549864733,True,,15.0
substrate,high_silt,高浊度泥沙,90,2.0,29.966374500025278,14.219496589297025,True,,15.0
substrate,high_silt,高浊度泥沙,91,2.0,27.226737419716258,14.592711718851135,False,,15.0
substrate,high_silt,高浊度泥沙,92,2.0,28.39341032710302,13.059569477305809,True,,15.0
substrate,high_silt,高浊度泥沙,93,2.0,27.151423600986313,13.602281325760245,True,,15.0
substrate,high_silt,高浊度泥沙,94,2.0,28.358782468832988,13.75707682326727,True,,15.0
substrate,high_silt,高浊度泥沙,95,2.0,29.108872109972456,12.637416479933027,True,,15.0
substrate,high_silt,高浊度泥沙,96,2.0,28.02309950217475,14.049055122700677,True,,15.0
substrate,high_silt,高浊度泥沙,97,2.0,30.152241438491075,14.946682874396215,True,,15.0
substrate,high_silt,高浊度泥沙,98,2.0,26.79997747997718,14.173791296201218,True,,15.0
substrate,high_silt,高浊度泥沙,99,2.0,31.668234035244602,14.428550577922406,True,,15.0
substrate,high_silt,高浊度泥沙,100,2.0,30.22798749923393,14.629234365636894,True,,15.0
frequency,1.0_hz,1.0 Hz,1,1.0,18.224207235823556,,,4.738307581885774,
frequency,1.0_hz,1.0 Hz,2,1.0,17.022966889657205,,,4.862191230593658,
frequency,1.0_hz,1.0 Hz,3,1.0,18.058169324758044,,,4.871868253808452,
frequency,1.0_hz,1.0 Hz,4,1.0,16.996715169647217,,,4.705501523839334,
frequency,1.0_hz,1.0 Hz,5,1.0,18.49659496331168,,,4.725667541527714,
frequency,1.0_hz,1.0 Hz,6,1.0,19.092091977846447,,,4.809574217945367,
frequency,1.0_hz,1.0 Hz,7,1.0,17.385567080854027,,,4.80291374082066,
frequency,1.0_hz,1.0 Hz,8,1.0,18.28878976995867,,,4.784466408237633,
frequency,1.0_hz,1.0 Hz,9,1.0,18.21804534558553,,,4.815633330094605,
frequency,1.0_hz,1.0 Hz,10,1.0,18.759939970134155,,,4.863693584430844,
frequency,1.0_hz,1.0 Hz,11,1.0,17.5386389886855,,,4.901760409525302,
frequency,1.0_hz,1.0 Hz,12,1.0,17.025251742958886,,,4.763548639442778,
frequency,1.0_hz,1.0 Hz,13,1.0,16.995685484721275,,,4.759670817067097,
frequency,1.0_hz,1.0 Hz,14,1.0,18.250053656472144,,,4.816857147240758,
frequency,1.0_hz,1.0 Hz,15,1.0,19.20738633554102,,,4.777854622982943,
frequency,1.0_hz,1.0 Hz,16,1.0,19.41113334088884,,,4.764562497726679,
frequency,1.0_hz,1.0 Hz,17,1.0,16.863107453143552,,,4.856937791662214,
frequency,1.0_hz,1.0 Hz,18,1.0,17.727257461039507,,,4.829231285675222,
frequency,1.0_hz,1.0 Hz,19,1.0,19.208056336429845,,,4.721974476863576,
frequency,1.0_hz,1.0 Hz,20,1.0,17.21001046367284,,,4.82198440679274,
frequency,1.0_hz,1.0 Hz,21,1.0,16.245705921372842,,,4.794428743059003,
frequency,1.0_hz,1.0 Hz,22,1.0,18.808389538813532,,,4.7984282632359685,
frequency,1.0_hz,1.0 Hz,23,1.0,20.5738860180655,,,4.805224319925569,
frequency,1.0_hz,1.0 Hz,24,1.0,16.585254089216363,,,4.783689735186653,
frequency,1.0_hz,1.0 Hz,25,1.0,17.059055335983253,,,4.8290417303194,
frequency,1.0_hz,1.0 Hz,26,1.0,18.58474725449453,,,4.897721813541545,
frequency,1.0_hz,1.0 Hz,27,1.0,18.879520811384953,,,4.744195562378686,
frequency,1.0_hz,1.0 Hz,28,1.0,17.42696045769867,,,4.810349755600132,
frequency,1.0_hz,1.0 Hz,29,1.0,18.282880727999736,,,4.71796821437014,
frequency,1.0_hz,1.0 Hz,30,1.0,17.233105527687474,,,4.645049476665407,
frequency,1.0_hz,1.0 Hz,31,1.0,18.878148968440815,,,4.837534632671102,
frequency,1.0_hz,1.0 Hz,32,1.0,18.446995563063098,,,4.7901645579733145,
frequency,1.0_hz,1.0 Hz,33,1.0,18.226966443503795,,,4.81602747619945,
frequency,1.0_hz,1.0 Hz,34,1.0,18.5634689026673,,,4.940412603329516,
frequency,1.0_hz,1.0 Hz,35,1.0,20.24056117458338,,,4.889317557830884,
frequency,1.0_hz,1.0 Hz,36,1.0,17.353542088309087,,,4.864378146546702,
frequency,1.0_hz,1.0 Hz,37,1.0,18.495818009579033,,,4.724977598889975,
frequency,1.0_hz,1.0 Hz,38,1.0,21.129874685299487,,,4.780257664513602,
frequency,1.0_hz,1.0 Hz,39,1.0,19.20436849622417,,,4.884384772920427,
frequency,1.0_hz,1.0 Hz,40,1.0,18.06881746120225,,,4.766030408793828,
frequency,1.0_hz,1.0 Hz,41,1.0,18.343169980761886,,,4.813059804953976,
frequency,1.0_hz,1.0 Hz,42,1.0,18.400084730964192,,,4.814839301098453,
frequency,1.0_hz,1.0 Hz,43,1.0,18.849728086170487,,,4.762159828451405,
frequency,1.0_hz,1.0 Hz,44,1.0,18.962336668777056,,,4.816513092288755,
frequency,1.0_hz,1.0 Hz,45,1.0,16.913615134081773,,,4.794256756638383,
frequency,1.0_hz,1.0 Hz,46,1.0,18.17949039232786,,,4.885542697665641,
frequency,1.0_hz,1.0 Hz,47,1.0,16.572539690205744,,,4.813207368349915,
frequency,1.0_hz,1.0 Hz,48,1.0,18.201875517364304,,,4.7007327797551355,
frequency,1.0_hz,1.0 Hz,49,1.0,19.758592968234208,,,4.723672103202072,
frequency,1.0_hz,1.0 Hz,50,1.0,18.508808030929263,,,4.756799071240194,
frequency,1.0_hz,1.0 Hz,51,1.0,19.069742476005505,,,4.830012587317159,
frequency,1.0_hz,1.0 Hz,52,1.0,18.347909912697627,,,4.891547516507579,
frequency,1.0_hz,1.0 Hz,53,1.0,18.935902739819436,,,4.805650387561875,
frequency,1.0_hz,1.0 Hz,54,1.0,17.731273570002067,,,4.871447013638865,
frequency,1.0_hz,1.0 Hz,55,1.0,19.087090700166986,,,4.82367932728692,
frequency,1.0_hz,1.0 Hz,56,1.0,19.57414795047202,,,4.806081518881458,
frequency,1.0_hz,1.0 Hz,57,1.0,19.146303701362157,,,4.8220509235525135,
frequency,1.0_hz,1.0 Hz,58,1.0,17.31764608769793,,,4.789218992902539,
frequency,1.0_hz,1.0 Hz,59,1.0,15.752919367813135,,,4.769024650225083,
frequency,1.0_hz,1.0 Hz,60,1.0,18.59796815867405,,,4.774988092997997,
frequency,1.0_hz,1.0 Hz,61,1.0,19.47361597449661,,,4.698993367522654,
frequency,1.0_hz,1.0 Hz,62,1.0,17.40814364045915,,,4.925664081339465,
frequency,1.0_hz,1.0 Hz,63,1.0,16.98016055825074,,,4.793580213590845,
frequency,1.0_hz,1.0 Hz,64,1.0,19.361819006833095,,,4.752269752285327,
frequency,1.0_hz,1.0 Hz,65,1.0,17.58296629665562,,,4.740915444025032,
frequency,1.0_hz,1.0 Hz,66,1.0,20.053866937858494,,,4.717500205933271,
frequency,1.0_hz,1.0 Hz,67,1.0,15.440670916528024,,,4.761861167872137,
frequency,1.0_hz,1.0 Hz,68,1.0,17.197106919561584,,,4.777641399217011,
frequency,1.0_hz,1.0 Hz,69,1.0,18.647349804811583,,,4.818076161914643,
frequency,1.0_hz,1.0 Hz,70,1.0,18.32876027494156,,,4.761901879807703,
frequency,1.0_hz,1.0 Hz,71,1.0,17.90209929579302,,,4.835769373403123,
frequency,1.0_hz,1.0 Hz,72,1.0,18.123677405759594,,,4.810047375666732,
frequency,1.0_hz,1.0 Hz,73,1.0,18.947309392849352,,,4.862645760171477,
frequency,1.0_hz,1.0 Hz,74,1.0,18.48632583547323,,,4.805576511540578,
frequency,1.0_hz,1.0 Hz,75,1.0,18.409891561565725,,,4.8408525286533814,
frequency,1.0_hz,1.0 Hz,76,1.0,21.946533524397534,,,4.827374539693111,
frequency,1.0_hz,1.0 Hz,77,1.0,18.17445373829566,,,4.7716737162518505,
frequency,1.0_hz,1.0 Hz,78,1.0,19.628042990190963,,,4.827756652135892,
frequency,1.0_hz,1.0 Hz,79,1.0,19.38552520507107,,,4.829830397602434,
frequency,1.0_hz,1.0 Hz,80,1.0,17.453058402783533,,,4.849265293012712,
frequency,1.0_hz,1.0 Hz,81,1.0,18.88228515469542,,,4.685071837429415,
frequency,1.0_hz,1.0 Hz,82,1.0,19.09341811810655,,,4.777702865577421,
frequency,1.0_hz,1.0 Hz,83,1.0,20.36915826069778,,,4.744570362102663,
frequency,1.0_hz,1.0 Hz,84,1.0,20.36722721032478,,,4.870558889840537,
frequency,1.0_hz,1.0 Hz,85,1.0,18.126260758234938,,,4.81039095470406,
frequency,1.0_hz,1.0 Hz,86,1.0,17.74161523890621,,,4.874876102792161,
frequency,1.0_hz,1.0 Hz,87,1.0,20.660445910915467,,,4.804806401176626,
frequency,1.0_hz,1.0 Hz,88,1.0,17.426086961660445,,,4.781893730950609,
frequency,1.0_hz,1.0 Hz,89,1.0,17.822212325969435,,,4.711033200146885,
frequency,1.0_hz,1.0 Hz,90,1.0,20.2313954029328,,,4.771623055546341,
frequency,1.0_hz,1.0 Hz,91,1.0,18.97116192665835,,,4.772574698401584,
frequency,1.0_hz,1.0 Hz,92,1.0,18.411222351018214,,,4.787202147859031,
frequency,1.0_hz,1.0 Hz,93,1.0,18.648896259274796,,,4.732119198819706,
frequency,1.0_hz,1.0 Hz,94,1.0,19.25633665466864,,,4.7332124213787905,
frequency,1.0_hz,1.0 Hz,95,1.0,17.973202137242843,,,4.756481071841312,
frequency,1.0_hz,1.0 Hz,96,1.0,16.63173026532181,,,4.710297033954319,
frequency,1.0_hz,1.0 Hz,97,1.0,20.23250879574599,,,4.709563320782194,
frequency,1.0_hz,1.0 Hz,98,1.0,19.46449345674015,,,4.819446997326357,
frequency,1.0_hz,1.0 Hz,99,1.0,20.168842857598797,,,4.860927584488695,
frequency,1.0_hz,1.0 Hz,100,1.0,18.20733778846891,,,4.875997975017565,
frequency,1.5_hz,1.5 Hz,1,1.5,24.997989297717037,,,5.85264500919072,
frequency,1.5_hz,1.5 Hz,2,1.5,23.54856992377874,,,5.890800611981722,
frequency,1.5_hz,1.5 Hz,3,1.5,26.435294883816365,,,5.817271329354922,
frequency,1.5_hz,1.5 Hz,4,1.5,27.315218818574245,,,5.882105541313865,
frequency,1.5_hz,1.5 Hz,5,1.5,26.690707261227725,,,5.838205271503537,
frequency,1.5_hz,1.5 Hz,6,1.5,24.42551041432528,,,5.993750785876149,
frequency,1.5_hz,1.5 Hz,7,1.5,25.849033343813787,,,5.825612907127971,
frequency,1.5_hz,1.5 Hz,8,1.5,28.007198329986487,,,5.931115771308745,
frequency,1.5_hz,1.5 Hz,9,1.5,24.063828705565864,,,6.003522205120875,
frequency,1.5_hz,1.5 Hz,10,1.5,26.370778457143633,,,5.981753361192307,
frequency,1.5_hz,1.5 Hz,11,1.5,25.27650161836966,,,5.868525265834274,
frequency,1.5_hz,1.5 Hz,12,1.5,25.266169130550047,,,5.806299945313699,
frequency,1.5_hz,1.5 Hz,13,1.5,25.620964377770694,,,5.822110447438275,
frequency,1.5_hz,1.5 Hz,14,1.5,25.23687300096564,,,5.845427064128526,
frequency,1.5_hz,1.5 Hz,15,1.5,24.4352544918814,,,5.873940888588991,
frequency,1.5_hz,1.5 Hz,16,1.5,25.552635980230253,,,5.850029211738893,
frequency,1.5_hz,1.5 Hz,17,1.5,27.12616305776476,,,6.103767374208045,
frequency,1.5_hz,1.5 Hz,18,1.5,25.52276437924952,,,6.0732198121763075,
frequency,1.5_hz,1.5 Hz,19,1.5,27.345585198873998,,,5.966584293410764,
frequency,1.5_hz,1.5 Hz,20,1.5,23.525887741696213,,,5.7670900224336945,
frequency,1.5_hz,1.5 Hz,21,1.5,24.680167982166623,,,5.863886969012907,
frequency,1.5_hz,1.5 Hz,22,1.5,22.19573009370074,,,5.779323318785462,
frequency,1.5_hz,1.5 Hz,23,1.5,25.003980989976494,,,5.946680339564545,
frequency,1.5_hz,1.5 Hz,24,1.5,27.885550466287874,,,5.905002444590962,
frequency,1.5_hz,1.5 Hz,25,1.5,26.493025906671825,,,5.934662246391249,
frequency,1.5_hz,1.5 Hz,26,1.5,23.39558703856829,,,5.864525638929391,
frequency,1.5_hz,1.5 Hz,27,1.5,26.581675859559482,,,5.829743347269472,
frequency,1.5_hz,1.5 Hz,28,1.5,24.519255328790283,,,5.934282331107224,
frequency,1.5_hz,1.5 Hz,29,1.5,24.592628099472595,,,5.8506736600421805,
frequency,1.5_hz,1.5 Hz,30,1.5,24.69814665706832,,,5.883814108823768,
frequency,1.5_hz,1.5 Hz,31,1.5,24.82383556877162,,,6.008157410215877,
frequency,1.5_hz,1.5 Hz,32,1.5,25.664967950138596,,,5.965287344193903,
frequency,1.5_hz,1.5 Hz,33,1.5,24.862204079084464,,,5.964944796026085,
frequency,1.5_hz,1.5 Hz,34,1.5,25.398939112232735,,,6.073290632296601,
frequency,1.5_hz,1.5 Hz,35,1.5,24.505208175899387,,,5.978542499761108,
frequency,1.5_hz,1.5 Hz,36,1.5,25.078570916592618,,,5.806511262562241,
frequency,1.5_hz,1.5 Hz,37,1.5,25.811241529949463,,,5.914671135525263,
frequency,1.5_hz,1.5 Hz,38,1.5,24.566808967124427,,,5.922591329391378,
frequency,1.5_hz,1.5 Hz,39,1.5,28.280426155764033,,,6.031832370161549,
frequency,1.5_hz,1.5 Hz,40,1.5,24.449667869126326,,,5.74018720441947,
frequency,1.5_hz,1.5 Hz,41,1.5,21.638863414161705,,,5.944466773685097,
frequency,1.5_hz,1.5 Hz,42,1.5,27.367630723979474,,,6.003980002009371,
frequency,1.5_hz,1.5 Hz,43,1.5,26.25318432115337,,,5.860754640430332,
frequency,1.5_hz,1.5 Hz,44,1.5,23.60183651662067,,,5.812836833111918,
frequency,1.5_hz,1.5 Hz,45,1.5,25.830681338343815,,,5.730627463400546,
frequency,1.5_hz,1.5 Hz,46,1.5,24.360203260901333,,,5.875965678853159,
frequency,1.5_hz,1.5 Hz,47,1.5,26.108133066425616,,,6.00640749042731,
frequency,1.5_hz,1.5 Hz,48,1.5,26.727863196626572,,,5.8986703443986155,
frequency,1.5_hz,1.5 Hz,49,1.5,24.130652396737684,,,5.835691287533535,
frequency,1.5_hz,1.5 Hz,50,1.5,24.135172051743982,,,5.798060436724017,
frequency,1.5_hz,1.5 Hz,51,1.5,24.302152190376948,,,5.966478879463675,
frequency,1.5_hz,1.5 Hz,52,1.5,24.72890306112491,,,5.910690187939009,
frequency,1.5_hz,1.5 Hz,53,1.5,25.702507504910685,,,5.88431284709425,
frequency,1.5_hz,1.5 Hz,54,1.5,22.75344825455561,,,5.815368124058983,
frequency,1.5_hz,1.5 Hz,55,1.5,25.356829505321013,,,5.919707499701759,
frequency,1.5_hz,1.5 Hz,56,1.5,23.464164533871344,,,5.894946361587888,
frequency,1.5_hz,1.5 Hz,57,1.5,25.168629308806857,,,5.926942831326118,
frequency,1.5_hz,1.5 Hz,58,1.5,24.766520629532106,,,6.074297175702646,
frequency,1.5_hz,1.5 Hz,59,1.5,26.99182726623924,,,6.101840689783885,
frequency,1.5_hz,1.5 Hz,60,1.5,24.186315737785456,,,5.8862379697459435,
frequency,1.5_hz,1.5 Hz,61,1.5,23.924775727215657,,,6.11984543158637,
frequency,1.5_hz,1.5 Hz,62,1.5,24.893101990797334,,,5.931561579365135,
frequency,1.5_hz,1.5 Hz,63,1.5,25.619025343535128,,,5.832844387512913,
frequency,1.5_hz,1.5 Hz,64,1.5,28.869679608562212,,,5.833851539772541,
frequency,1.5_hz,1.5 Hz,65,1.5,24.856556115141352,,,5.852804694324474,
frequency,1.5_hz,1.5 Hz,66,1.5,24.570368061730658,,,5.65681406702103,
frequency,1.5_hz,1.5 Hz,67,1.5,26.043403371181395,,,5.960694056742562,
frequency,1.5_hz,1.5 Hz,68,1.5,22.489848946753813,,,5.903788383442179,
frequency,1.5_hz,1.5 Hz,69,1.5,28.118910298899547,,,5.8029332231487825,
frequency,1.5_hz,1.5 Hz,70,1.5,25.41675600405914,,,5.889529969728369,
frequency,1.5_hz,1.5 Hz,71,1.5,26.228109595451883,,,5.853306460209452,
frequency,1.5_hz,1.5 Hz,72,1.5,27.198459595709124,,,5.9521007107384385,
frequency,1.5_hz,1.5 Hz,73,1.5,23.503430482431114,,,5.858929039467387,
frequency,1.5_hz,1.5 Hz,74,1.5,23.971823690558747,,,5.925496804070972,
frequency,1.5_hz,1.5 Hz,75,1.5,23.16829174309211,,,5.875838738706428,
frequency,1.5_hz,1.5 Hz,76,1.5,25.613840282483952,,,5.823809363785422,
frequency,1.5_hz,1.5 Hz,77,1.5,22.786167334265702,,,5.8683350952273265,
frequency,1.5_hz,1.5 Hz,78,1.5,24.92512904731172,,,5.817832115428196,
frequency,1.5_hz,1.5 Hz,79,1.5,25.981613488132826,,,5.990487952493645,
frequency,1.5_hz,1.5 Hz,80,1.5,26.356594890627278,,,5.994521733162725,
frequency,1.5_hz,1.5 Hz,81,1.5,25.506866678115998,,,5.848928397683238,
frequency,1.5_hz,1.5 Hz,82,1.5,23.10802447807271,,,5.901714191580407,
frequency,1.5_hz,1.5 Hz,83,1.5,25.574124960057144,,,5.9761677584991935,
frequency,1.5_hz,1.5 Hz,84,1.5,24.82921844697094,,,6.012716680765144,
frequency,1.5_hz,1.5 Hz,85,1.5,25.671700312415958,,,5.887492749051593,
frequency,1.5_hz,1.5 Hz,86,1.5,23.394491095470286,,,6.024222091189777,
frequency,1.5_hz,1.5 Hz,87,1.5,22.58833222813329,,,6.024064866838554,
frequency,1.5_hz,1.5 Hz,88,1.5,25.99410769189237,,,5.797800073270358,
frequency,1.5_hz,1.5 Hz,89,1.5,25.492704180038434,,,6.050216986082715,
frequency,1.5_hz,1.5 Hz,90,1.5,23.92126173126147,,,5.803776758729581,
frequency,1.5_hz,1.5 Hz,91,1.5,24.364239493274578,,,5.9928685069219805,
frequency,1.5_hz,1.5 Hz,92,1.5,24.677307817959402,,,5.850634662204183,
frequency,1.5_hz,1.5 Hz,93,1.5,24.84777025067399,,,5.9310536662254565,
frequency,1.5_hz,1.5 Hz,94,1.5,24.869356575082477,,,5.895687994200041,
frequency,1.5_hz,1.5 Hz,95,1.5,25.840588593553,,,5.869876428375375,
frequency,1.5_hz,1.5 Hz,96,1.5,28.024621333375578,,,5.900233545601983,
frequency,1.5_hz,1.5 Hz,97,1.5,25.716614504825206,,,5.9502485479872895,
frequency,1.5_hz,1.5 Hz,98,1.5,24.75067022397523,,,5.738007344994433,
frequency,1.5_hz,1.5 Hz,99,1.5,24.696777928184762,,,6.084361801917502,
frequency,1.5_hz,1.5 Hz,100,1.5,24.219047732481407,,,5.957855120096597,
frequency,2.0_hz,2.0 Hz,1,2.0,32.33471954324514,,,7.392488046732189,
frequency,2.0_hz,2.0 Hz,2,2.0,32.213988282222445,,,7.415323633718396,
frequency,2.0_hz,2.0 Hz,3,2.0,32.37034101958194,,,7.318365521749076,
frequency,2.0_hz,2.0 Hz,4,2.0,32.134742998563965,,,7.26525487424453,
frequency,2.0_hz,2.0 Hz,5,2.0,31.33880195212249,,,7.33854386083257,
frequency,2.0_hz,2.0 Hz,6,2.0,33.51058567037311,,,7.365905672676903,
frequency,2.0_hz,2.0 Hz,7,2.0,35.19211218323549,,,7.399034318790376,
frequency,2.0_hz,2.0 Hz,8,2.0,29.887920927360394,,,7.1989818012556315,
frequency,2.0_hz,2.0 Hz,9,2.0,31.051466766099235,,,7.179607066385029,
frequency,2.0_hz,2.0 Hz,10,2.0,29.9427028587228,,,7.295414377627773,
frequency,2.0_hz,2.0 Hz,11,2.0,29.62388032920325,,,7.339294146378437,
frequency,2.0_hz,2.0 Hz,12,2.0,32.127786231339634,,,7.154528110500049,
frequency,2.0_hz,2.0 Hz,13,2.0,32.758128088256704,,,7.46185388839162,
frequency,2.0_hz,2.0 Hz,14,2.0,32.3017297354083,,,7.262642865017865,
frequency,2.0_hz,2.0 Hz,15,2.0,34.52385081750802,,,7.172976082097398,
frequency,2.0_hz,2.0 Hz,16,2.0,32.686570509095745,,,7.353311560832708,
frequency,2.0_hz,2.0 Hz,17,2.0,34.62003114072885,,,7.2412963267860935,
frequency,2.0_hz,2.0 Hz,18,2.0,31.586081088774474,,,7.288890488195536,
frequency,2.0_hz,2.0 Hz,19,2.0,35.67205228137363,,,7.261956208917192,
frequency,2.0_hz,2.0 Hz,20,2.0,30.606672894793522,,,7.367671705542908,
frequency,2.0_hz,2.0 Hz,21,2.0,32.253726343454,,,7.18870648181132,
frequency,2.0_hz,2.0 Hz,22,2.0,30.202589563101096,,,7.169113306519097,
frequency,2.0_hz,2.0 Hz,23,2.0,33.347687664113224,,,7.243762566714982,
frequency,2.0_hz,2.0 Hz,24,2.0,32.86212167824063,,,7.153514922727713,
frequency,2.0_hz,2.0 Hz,25,2.0,34.044671395658135,,,7.143868930870047,
frequency,2.0_hz,2.0 Hz,26,2.0,32.28660981163888,,,7.232294097837859,
frequency,2.0_hz,2.0 Hz,27,2.0,29.813836108649557,,,7.318366529990321,
frequency,2.0_hz,2.0 Hz,28,2.0,31.400609173029693,,,7.486944849051537,
frequency,2.0_hz,2.0 Hz,29,2.0,34.544912676344474,,,7.302311121352757,
frequency,2.0_hz,2.0 Hz,30,2.0,29.97213614331456,,,7.339087905140255,
frequency,2.0_hz,2.0 Hz,31,2.0,33.14880193362871,,,7.297091806615612,
frequency,2.0_hz,2.0 Hz,32,2.0,33.95823000562332,,,7.346837245188719,
frequency,2.0_hz,2.0 Hz,33,2.0,30.583666028306858,,,7.228994756213173,
frequency,2.0_hz,2.0 Hz,34,2.0,31.199928927465876,,,7.458071473056244,
frequency,2.0_hz,2.0 Hz,35,2.0,28.95071957604775,,,7.4151343607552915,
frequency,2.0_hz,2.0 Hz,36,2.0,32.16411448974021,,,7.286584648759264,
frequency,2.0_hz,2.0 Hz,37,2.0,34.122834022920564,,,7.219938838032623,
frequency,2.0_hz,2.0 Hz,38,2.0,33.955821610395645,,,7.2341136402110395,
frequency,2.0_hz,2.0 Hz,39,2.0,34.040778424392855,,,7.1855982102852565,
frequency,2.0_hz,2.0 Hz,40,2.0,32.417849194452735,,,7.387430249327731,
frequency,2.0_hz,2.0 Hz,41,2.0,32.0405276692132,,,7.256853353396599,
frequency,2.0_hz,2.0 Hz,42,2.0,31.520428228616506,,,7.338124871376437,
frequency,2.0_hz,2.0 Hz,43,2.0,31.750331403766413,,,7.424433874861788,
frequency,2.0_hz,2.0 Hz,44,2.0,30.141672702179374,,,7.289699911527604,
frequency,2.0_hz,2.0 Hz,45,2.0,30.256832810047996,,,7.188236549265495,
frequency,2.0_hz,2.0 Hz,46,2.0,35.54752376108842,,,7.301713145333806,
frequency,2.0_hz,2.0 Hz,47,2.0,34.01135628214829,,,7.330036758333956,
frequency,2.0_hz,2.0 Hz,48,2.0,31.886746197989876,,,7.175140346389812,
frequency,2.0_hz,2.0 Hz,49,2.0,30.2495092830954,,,7.209408276377228,
frequency,2.0_hz,2.0 Hz,50,2.0,33.037240609848986,,,7.211615730683237,
frequency,2.0_hz,2.0 Hz,51,2.0,31.980300060159518,,,7.316198674256601,
frequency,2.0_hz,2.0 Hz,52,2.0,32.10268991868531,,,7.21712540996631,
frequency,2.0_hz,2.0 Hz,53,2.0,32.92861136520277,,,7.163612692523204,
frequency,2.0_hz,2.0 Hz,54,2.0,30.551510209039698,,,7.339936263624305,
frequency,2.0_hz,2.0 Hz,55,2.0,32.09844367911579,,,7.422025653842308,
frequency,2.0_hz,2.0 Hz,56,2.0,30.024826795989807,,,7.294536594820412,
frequency,2.0_hz,2.0 Hz,57,2.0,33.09495390534193,,,7.169015207110169,
frequency,2.0_hz,2.0 Hz,58,2.0,32.91802530206353,,,7.153033510430183,
frequency,2.0_hz,2.0 Hz,59,2.0,32.829183911863765,,,7.339499457834992,
frequency,2.0_hz,2.0 Hz,60,2.0,29.077908531191305,,,7.178250689142055,
frequency,2.0_hz,2.0 Hz,61,2.0,32.12847438362588,,,7.301557031504264,
frequency,2.0_hz,2.0 Hz,62,2.0,30.86690267824812,,,7.488485289436346,
frequency,2.0_hz,2.0 Hz,63,2.0,31.11536140718443,,,7.421896458142716,
frequency,2.0_hz,2.0 Hz,64,2.0,30.45135893147828,,,7.173102061879311,
frequency,2.0_hz,2.0 Hz,65,2.0,32.452201679532074,,,7.4423226073112625,
frequency,2.0_hz,2.0 Hz,66,2.0,32.22633401088148,,,7.1660276048103535,
frequency,2.0_hz,2.0 Hz,67,2.0,32.80552220160762,,,7.336179959443586,
frequency,2.0_hz,2.0 Hz,68,2.0,32.8447653855093,,,7.308070628431404,
frequency,2.0_hz,2.0 Hz,69,2.0,29.033827279322796,,,7.155559833541272,
frequency,2.0_hz,2.0 Hz,70,2.0,30.85688643788737,,,7.0747619051999555,
frequency,2.0_hz,2.0 Hz,71,2.0,33.09848628199184,,,7.14212224464289,
frequency,2.0_hz,2.0 Hz,72,2.0,32.86916766450259,,,7.149380115732353,
frequency,2.0_hz,2.0 Hz,73,2.0,32.61365796552396,,,7.277588787236963,
frequency,2.0_hz,2.0 Hz,74,2.0,32.50680284628424,,,7.313265818100391,
frequency,2.0_hz,2.0 Hz,75,2.0,29.671745567369342,,,7.419860313132089,
frequency,2.0_hz,2.0 Hz,76,2.0,31.85093652301611,,,7.377409261402011,
frequency,2.0_hz,2.0 Hz,77,2.0,32.334861790185165,,,7.297037467437775,
frequency,2.0_hz,2.0 Hz,78,2.0,33.42931630250175,,,7.3009500812451655,
frequency,2.0_hz,2.0 Hz,79,2.0,33.720873987512626,,,7.267625956216792,
frequency,2.0_hz,2.0 Hz,80,2.0,30.00995675752836,,,7.180401196447556,
frequency,2.0_hz,2.0 Hz,81,2.0,31.852683496313343,,,7.090473203617341,
frequency,2.0_hz,2.0 Hz,82,2.0,34.234850157507935,,,7.3085614080211965,
frequency,2.0_hz,2.0 Hz,83,2.0,29.795254349725283,,,7.363569602402748,
frequency,2.0_hz,2.0 Hz,84,2.0,31.703618264773336,,,7.215212343714939,
frequency,2.0_hz,2.0 Hz,85,2.0,33.12387664213449,,,7.351813926532356,
frequency,2.0_hz,2.0 Hz,86,2.0,29.985512701723845,,,7.2614048554455035,
frequency,2.0_hz,2.0 Hz,87,2.0,30.326883282991663,,,7.351590629824752,
frequency,2.0_hz,2.0 Hz,88,2.0,29.03655134236917,,,7.35872257678652,
frequency,2.0_hz,2.0 Hz,89,2.0,33.31716545821157,,,7.1867703593646555,
frequency,2.0_hz,2.0 Hz,90,2.0,32.99705227911654,,,7.3578571120688805,
frequency,2.0_hz,2.0 Hz,91,2.0,32.64035529797563,,,7.292655438712752,
frequency,2.0_hz,2.0 Hz,92,2.0,31.985199362339866,,,7.279084554997793,
frequency,2.0_hz,2.0 Hz,93,2.0,31.98915060619944,,,7.300449838749955,
frequency,2.0_hz,2.0 Hz,94,2.0,31.067916629977635,,,7.259266879460592,
frequency,2.0_hz,2.0 Hz,95,2.0,30.272545473452503,,,7.2779607707044,
frequency,2.0_hz,2.0 Hz,96,2.0,33.61386532165365,,,7.162906065361745,
frequency,2.0_hz,2.0 Hz,97,2.0,33.02407977269629,,,7.326254159123376,
frequency,2.0_hz,2.0 Hz,98,2.0,30.38199985261179,,,7.359135402660736,
frequency,2.0_hz,2.0 Hz,99,2.0,32.290348731023364,,,7.5325245312654125,
frequency,2.0_hz,2.0 Hz,100,2.0,31.67497264931642,,,7.392123654900397,
frequency,2.5_hz,2.5 Hz,1,2.5,34.24425893380903,,,9.041422673198516,
frequency,2.5_hz,2.5 Hz,2,2.5,33.62428270924195,,,8.743842649537388,
frequency,2.5_hz,2.5 Hz,3,2.5,34.482130782250515,,,9.068015346237228,
frequency,2.5_hz,2.5 Hz,4,2.5,37.54434434220048,,,8.928755575976343,
frequency,2.5_hz,2.5 Hz,5,2.5,34.91298392938639,,,9.216442070309649,
frequency,2.5_hz,2.5 Hz,6,2.5,36.88603615213055,,,9.008290034464673,
frequency,2.5_hz,2.5 Hz,7,2.5,35.438489839494075,,,8.750021685743892,
frequency,2.5_hz,2.5 Hz,8,2.5,35.716652323030516,,,9.105264354752212,
frequency,2.5_hz,2.5 Hz,9,2.5,34.30404335630751,,,9.077426947121294,
frequency,2.5_hz,2.5 Hz,10,2.5,36.31875399350359,,,8.965176767761841,
frequency,2.5_hz,2.5 Hz,11,2.5,32.671340726044264,,,8.961047337508056,
frequency,2.5_hz,2.5 Hz,12,2.5,33.96826834102196,,,9.018474387199683,
frequency,2.5_hz,2.5 Hz,13,2.5,34.517499007351354,,,8.90690201790419,
frequency,2.5_hz,2.5 Hz,14,2.5,36.094311224697286,,,9.031769516458558,
frequency,2.5_hz,2.5 Hz,15,2.5,36.920048065549345,,,8.996311072216212,
frequency,2.5_hz,2.5 Hz,16,2.5,34.09705262058525,,,8.841649416115773,
frequency,2.5_hz,2.5 Hz,17,2.5,36.27785380232091,,,9.091965440671755,
frequency,2.5_hz,2.5 Hz,18,2.5,37.045377328000285,,,8.982897144289437,
frequency,2.5_hz,2.5 Hz,19,2.5,35.97897510639467,,,8.860383901194345,
frequency,2.5_hz,2.5 Hz,20,2.5,34.857654815733,,,9.083140517369758,
frequency,2.5_hz,2.5 Hz,21,2.5,31.33496817181066,,,8.755173840701328,
frequency,2.5_hz,2.5 Hz,22,2.5,34.961111853584924,,,9.148944360894044,
frequency,2.5_hz,2.5 Hz,23,2.5,35.81310773828616,,,8.965963892108045,
frequency,2.5_hz,2.5 Hz,24,2.5,34.765417590482784,,,9.244837281205541,
frequency,2.5_hz,2.5 Hz,25,2.5,34.26570663972867,,,9.362325183885424,
frequency,2.5_hz,2.5 Hz,26,2.5,36.02935980105142,,,8.949578453356626,
frequency,2.5_hz,2.5 Hz,27,2.5,34.37584929198065,,,9.0327750915239,
frequency,2.5_hz,2.5 Hz,28,2.5,36.15692675488215,,,9.048895350689495,
frequency,2.5_hz,2.5 Hz,29,2.5,31.644429397058488,,,9.149081425972987,
frequency,2.5_hz,2.5 Hz,30,2.5,37.36495229557731,,,8.87500831323005,
frequency,2.5_hz,2.5 Hz,31,2.5,34.60632650470727,,,9.050220425289437,
frequency,2.5_hz,2.5 Hz,32,2.5,34.09426288571063,,,8.726864213941338,
frequency,2.5_hz,2.5 Hz,33,2.5,33.412610924524415,,,9.01328106273001,
frequency,2.5_hz,2.5 Hz,34,2.5,30.597238974165595,,,8.961616374500364,
frequency,2.5_hz,2.5 Hz,35,2.5,34.5782150107369,,,9.178186399200182,
frequency,2.5_hz,2.5 Hz,36,2.5,38.03023572889496,,,9.210338055202637,
frequency,2.5_hz,2.5 Hz,37,2.5,33.114495678240175,,,9.138907905457916,
frequency,2.5_hz,2.5 Hz,38,2.5,38.102535141259565,,,8.910232429770112,
frequency,2.5_hz,2.5 Hz,39,2.5,34.90952579478363,,,9.046656911082156,
frequency,2.5_hz,2.5 Hz,40,2.5,38.636790430747006,,,9.26374908178412,
frequency,2.5_hz,2.5 Hz,41,2.5,34.6303430904208,,,9.060407569976265,
frequency,2.5_hz,2.5 Hz,42,2.5,32.06807322301748,,,8.933830896355435,
frequency,2.5_hz,2.5 Hz,43,2.5,35.245294989017836,,,8.969963417175094,
frequency,2.5_hz,2.5 Hz,44,2.5,36.65164563620284,,,9.234489402462536,
frequency,2.5_hz,2.5 Hz,45,2.5,35.30368684796255,,,8.928793626039182,
frequency,2.5_hz,2.5 Hz,46,2.5,35.791963137941515,,,8.906846426314539,
frequency,2.5_hz,2.5 Hz,47,2.5,35.890386578446616,,,8.704937550242045,
frequency,2.5_hz,2.5 Hz,48,2.5,32.43897355004349,,,8.999696106670374,
frequency,2.5_hz,2.5 Hz,49,2.5,30.441090366177544,,,9.106811818451067,
frequency,2.5_hz,2.5 Hz,50,2.5,34.12650118669182,,,9.10641490862693,
frequency,2.5_hz,2.5 Hz,51,2.5,35.349479518084415,,,9.082651050687646,
frequency,2.5_hz,2.5 Hz,52,2.5,34.70745698055744,,,8.950187817574015,
frequency,2.5_hz,2.5 Hz,53,2.5,35.530071766677445,,,8.9180276826723,
frequency,2.5_hz,2.5 Hz,54,2.5,36.364604256867985,,,8.992231660117696,
frequency,2.5_hz,2.5 Hz,55,2.5,31.669619500991622,,,8.997276139958942,
frequency,2.5_hz,2.5 Hz,56,2.5,32.491424504200616,,,9.199450323009186,
frequency,2.5_hz,2.5 Hz,57,2.5,34.34405277789263,,,8.772008857679584,
frequency,2.5_hz,2.5 Hz,58,2.5,33.70171916284584,,,9.137324498404466,
frequency,2.5_hz,2.5 Hz,59,2.5,32.861204747747706,,,8.959710684988295,
frequency,2.5_hz,2.5 Hz,60,2.5,31.12091237509876,,,8.755091672561273,
frequency,2.5_hz,2.5 Hz,61,2.5,33.2074827458985,,,9.051497909646404,
frequency,2.5_hz,2.5 Hz,62,2.5,35.13200045459826,,,8.941680730572408,
frequency,2.5_hz,2.5 Hz,63,2.5,34.20587575078064,,,8.866573458344092,
frequency,2.5_hz,2.5 Hz,64,2.5,35.42388439895646,,,8.883749323021144,
frequency,2.5_hz,2.5 Hz,65,2.5,33.28986422043971,,,9.022371537542146,
frequency,2.5_hz,2.5 Hz,66,2.5,35.71810265449273,,,9.250141756462762,
frequency,2.5_hz,2.5 Hz,67,2.5,37.68025391181484,,,9.177120351415093,
frequency,2.5_hz,2.5 Hz,68,2.5,37.541384937717226,,,8.919665113092925,
frequency,2.5_hz,2.5 Hz,69,2.5,34.23661174774625,,,9.07351399115928,
frequency,2.5_hz,2.5 Hz,70,2.5,36.05375739955342,,,8.875205891357599,
frequency,2.5_hz,2.5 Hz,71,2.5,35.905646652839714,,,9.060632344885368,
frequency,2.5_hz,2.5 Hz,72,2.5,34.6319455592913,,,9.159446157347997,
frequency,2.5_hz,2.5 Hz,73,2.5,35.63843504059573,,,9.090279369029455,
frequency,2.5_hz,2.5 Hz,74,2.5,34.363411831790096,,,9.15416753445863,
frequency,2.5_hz,2.5 Hz,75,2.5,33.4625676025341,,,8.578541150239733,
frequency,2.5_hz,2.5 Hz,76,2.5,35.461335310443644,,,8.975827553315563,
frequency,2.5_hz,2.5 Hz,77,2.5,33.51802502910654,,,8.849996250599665,
frequency,2.5_hz,2.5 Hz,78,2.5,35.14475217625807,,,9.113485761899474,
frequency,2.5_hz,2.5 Hz,79,2.5,33.08361316219555,,,9.031761129629388,
frequency,2.5_hz,2.5 Hz,80,2.5,31.291112120881408,,,8.94827831787888,
frequency,2.5_hz,2.5 Hz,81,2.5,35.72148514444391,,,9.003656369784416,
frequency,2.5_hz,2.5 Hz,82,2.5,37.94042629352527,,,9.129688770663606,
frequency,2.5_hz,2.5 Hz,83,2.5,35.635119779403,,,8.986387906869556,
frequency,2.5_hz,2.5 Hz,84,2.5,37.64000872940861,,,9.154696288693453,
frequency,2.5_hz,2.5 Hz,85,2.5,35.87023124303109,,,8.806619951924208,
frequency,2.5_hz,2.5 Hz,86,2.5,32.47822339213972,,,9.104153690691506,
frequency,2.5_hz,2.5 Hz,87,2.5,32.969057529196625,,,8.95384709208705,
frequency,2.5_hz,2.5 Hz,88,2.5,35.08917216224988,,,9.11734247235091,
frequency,2.5_hz,2.5 Hz,89,2.5,35.99531431201275,,,8.94306197728493,
frequency,2.5_hz,2.5 Hz,90,2.5,33.70812420275578,,,9.01719197261021,
frequency,2.5_hz,2.5 Hz,91,2.5,34.788538606858594,,,9.009547371082334,
frequency,2.5_hz,2.5 Hz,92,2.5,33.73832228477008,,,8.895244192994427,
frequency,2.5_hz,2.5 Hz,93,2.5,34.88679095290743,,,9.156367340539218,
frequency,2.5_hz,2.5 Hz,94,2.5,35.90409157291197,,,8.967233879548267,
frequency,2.5_hz,2.5 Hz,95,2.5,35.160812749374706,,,8.907067096104663,
frequency,2.5_hz,2.5 Hz,96,2.5,34.43593962648856,,,8.830864160216827,
frequency,2.5_hz,2.5 Hz,97,2.5,30.379874898682534,,,8.959668067768508,
frequency,2.5_hz,2.5 Hz,98,2.5,35.40557896026901,,,9.065036766910152,
frequency,2.5_hz,2.5 Hz,99,2.5,35.20062946503978,,,8.987614292095904,
frequency,2.5_hz,2.5 Hz,100,2.5,35.335893143464936,,,8.823015351151087,
scenario,seagrass,砂质海草床,1,2.0,,13.278557390671436,,,15.0
scenario,seagrass,砂质海草床,2,2.0,,13.282018377209518,,,15.0
scenario,seagrass,砂质海草床,3,2.0,,13.837634431057316,,,15.0
scenario,seagrass,砂质海草床,4,2.0,,13.323472856618572,,,15.0
scenario,seagrass,砂质海草床,5,2.0,,13.082136593066169,,,15.0
scenario,seagrass,砂质海草床,6,2.0,,14.344839425926613,,,15.0
scenario,seagrass,砂质海草床,7,2.0,,14.545805204427595,,,15.0
scenario,seagrass,砂质海草床,8,2.0,,13.80532937648232,,,15.0
scenario,seagrass,砂质海草床,9,2.0,,13.30600418344439,,,15.0
scenario,seagrass,砂质海草床,10,2.0,,13.09431577395528,,,15.0
scenario,seagrass,砂质海草床,11,2.0,,13.765836908545326,,,15.0
scenario,seagrass,砂质海草床,12,2.0,,15.0,,,15.0
scenario,seagrass,砂质海草床,13,2.0,,13.911446964197003,,,15.0
scenario,seagrass,砂质海草床,14,2.0,,13.507745014690727,,,15.0
scenario,seagrass,砂质海草床,15,2.0,,14.086299447337366,,,15.0
scenario,seagrass,砂质海草床,16,2.0,,13.563630338071789,,,15.0
scenario,seagrass,砂质海草床,17,2.0,,12.824669457047065,,,15.0
scenario,seagrass,砂质海草床,18,2.0,,13.486923634413259,,,15.0
scenario,seagrass,砂质海草床,19,2.0,,13.967614991124828,,,15.0
scenario,seagrass,砂质海草床,20,2.0,,13.734091245636998,,,15.0
scenario,seagrass,砂质海草床,21,2.0,,13.414700090593398,,,15.0
scenario,seagrass,砂质海草床,22,2.0,,14.248797503842097,,,15.0
scenario,seagrass,砂质海草床,23,2.0,,13.952772821825945,,,15.0
scenario,seagrass,砂质海草床,24,2.0,,13.720415289026601,,,15.0
scenario,seagrass,砂质海草床,25,2.0,,14.348852034403269,,,15.0
scenario,seagrass,砂质海草床,26,2.0,,13.584785687962075,,,15.0
scenario,seagrass,砂质海草床,27,2.0,,14.65171467449731,,,15.0
scenario,seagrass,砂质海草床,28,2.0,,13.74101477298658,,,15.0
scenario,seagrass,砂质海草床,29,2.0,,13.910534254944157,,,15.0
scenario,seagrass,砂质海草床,30,2.0,,12.908636629335588,,,15.0
scenario,seagrass,砂质海草床,31,2.0,,13.603823558700944,,,15.0
scenario,seagrass,砂质海草床,32,2.0,,13.567594599270675,,,15.0
scenario,seagrass,砂质海草床,33,2.0,,14.343573077790758,,,15.0
scenario,seagrass,砂质海草床,34,2.0,,13.966027134921065,,,15.0
scenario,seagrass,砂质海草床,35,2.0,,12.445824835683974,,,15.0
scenario,seagrass,砂质海草床,36,2.0,,13.718393559460687,,,15.0
scenario,seagrass,砂质海草床,37,2.0,,13.84312947721008,,,15.0
scenario,seagrass,砂质海草床,38,2.0,,12.77419520326058,,,15.0
scenario,seagrass,砂质海草床,39,2.0,,13.833650177421266,,,15.0
scenario,seagrass,砂质海草床,40,2.0,,13.34989477317603,,,15.0
scenario,seagrass,砂质海草床,41,2.0,,13.85591694217136,,,15.0
scenario,seagrass,砂质海草床,42,2.0,,14.17866745960157,,,15.0
scenario,seagrass,砂质海草床,43,2.0,,14.21402941905367,,,15.0
scenario,seagrass,砂质海草床,44,2.0,,13.600855533691115,,,15.0
scenario,seagrass,砂质海草床,45,2.0,,13.522190276313845,,,15.0
scenario,seagrass,砂质海草床,46,2.0,,13.455742851439087,,,15.0
scenario,seagrass,砂质海草床,47,2.0,,13.446373546527683,,,15.0
scenario,seagrass,砂质海草床,48,2.0,,13.19985572500068,,,15.0
scenario,seagrass,砂质海草床,49,2.0,,14.187909895463093,,,15.0
scenario,seagrass,砂质海草床,50,2.0,,14.300055374994198,,,15.0
scenario,seagrass,砂质海草床,51,2.0,,13.15035880047199,,,15.0
scenario,seagrass,砂质海草床,52,2.0,,13.56405607566388,,,15.0
scenario,seagrass,砂质海草床,53,2.0,,13.588555309143034,,,15.0
scenario,seagrass,砂质海草床,54,2.0,,13.988945226921134,,,15.0
scenario,seagrass,砂质海草床,55,2.0,,13.716213303398096,,,15.0
scenario,seagrass,砂质海草床,56,2.0,,14.486127054395782,,,15.0
scenario,seagrass,砂质海草床,57,2.0,,13.232104530069412,,,15.0
scenario,seagrass,砂质海草床,58,2.0,,14.061784821119346,,,15.0
scenario,seagrass,砂质海草床,59,2.0,,13.988380604036475,,,15.0
scenario,seagrass,砂质海草床,60,2.0,,13.4454007510156,,,15.0
scenario,seagrass,砂质海草床,61,2.0,,13.561283079247072,,,15.0
scenario,seagrass,砂质海草床,62,2.0,,13.830082134108164,,,15.0
scenario,seagrass,砂质海草床,63,2.0,,12.965102470276571,,,15.0
scenario,seagrass,砂质海草床,64,2.0,,13.12359748605083,,,15.0
scenario,seagrass,砂质海草床,65,2.0,,13.61810153008613,,,15.0
scenario,seagrass,砂质海草床,66,2.0,,14.023575109450732,,,15.0
scenario,seagrass,砂质海草床,67,2.0,,14.713208911528604,,,15.0
scenario,seagrass,砂质海草床,68,2.0,,14.351229603586287,,,15.0
scenario,seagrass,砂质海草床,69,2.0,,13.740082659625772,,,15.0
scenario,seagrass,砂质海草床,70,2.0,,13.109836436392206,,,15.0
scenario,seagrass,砂质海草床,71,2.0,,13.803698295296835,,,15.0
scenario,seagrass,砂质海草床,72,2.0,,13.957471172217975,,,15.0
scenario,seagrass,砂质海草床,73,2.0,,14.173968179007385,,,15.0
scenario,seagrass,砂质海草床,74,2.0,,14.153084145770144,,,15.0
scenario,seagrass,砂质海草床,75,2.0,,13.961203565227157,,,15.0
scenario,seagrass,砂质海草床,76,2.0,,12.460010752760347,,,15.0
scenario,seagrass,砂质海草床,77,2.0,,14.411933433131704,,,15.0
scenario,seagrass,砂质海草床,78,2.0,,13.515361614538017,,,15.0
scenario,seagrass,砂质海草床,79,2.0,,13.973216225996635,,,15.0
scenario,seagrass,砂质海草床,80,2.0,,13.33145056314493,,,15.0
scenario,seagrass,砂质海草床,81,2.0,,14.362041095531866,,,15.0
scenario,seagrass,砂质海草床,82,2.0,,13.270539476789251,,,15.0
scenario,seagrass,砂质海草床,83,2.0,,14.759942095854532,,,15.0
scenario,seagrass,砂质海草床,84,2.0,,14.041116852076712,,,15.0
scenario,seagrass,砂质海草床,85,2.0,,14.010055474235484,,,15.0
scenario,seagrass,砂质海草床,86,2.0,,14.081183908008741,,,15.0
scenario,seagrass,砂质海草床,87,2.0,,14.341747694593941,,,15.0
scenario,seagrass,砂质海草床,88,2.0,,14.325049188452674,,,15.0
scenario,seagrass,砂质海草床,89,2.0,,14.149635603341135,,,15.0
scenario,seagrass,砂质海草床,90,2.0,,13.76881182361349,,,15.0
scenario,seagrass,砂质海草床,91,2.0,,12.939257684835349,,,15.0
scenario,seagrass,砂质海草床,92,2.0,,13.445441403962274,,,15.0
scenario,seagrass,砂质海草床,93,2.0,,13.799237001735179,,,15.0
scenario,seagrass,砂质海草床,94,2.0,,14.319171944664987,,,15.0
scenario,seagrass,砂质海草床,95,2.0,,13.988697324891028,,,15.0
scenario,seagrass,砂质海草床,96,2.0,,14.29462526681889,,,15.0
scenario,seagrass,砂质海草床,97,2.0,,13.013293718301792,,,15.0
scenario,seagrass,砂质海草床,98,2.0,,14.230404132077625,,,15.0
scenario,seagrass,砂质海草床,99,2.0,,13.48126468375585,,,15.0
scenario,seagrass,砂质海草床,100,2.0,,14.02489690763766,,,15.0
scenario,estuary,河口泥质区,1,2.0,,24.96586490948451,,,25.0
scenario,estuary,河口泥质区,2,2.0,,24.672168089272407,,,25.0
scenario,estuary,河口泥质区,3,2.0,,25.0,,,25.0
scenario,estuary,河口泥质区,4,2.0,,24.07113664389338,,,25.0
scenario,estuary,河口泥质区,5,2.0,,23.894443333404027,,,25.0
scenario,estuary,河口泥质区,6,2.0,,24.39377254962685,,,25.0
scenario,estuary,河口泥质区,7,2.0,,23.773601156102377,,,25.0
scenario,estuary,河口泥质区,8,2.0,,24.053629184022334,,,25.0
scenario,estuary,河口泥质区,9,2.0,,23.86150060762359,,,25.0
scenario,estuary,河口泥质区,10,2.0,,24.71455879740885,,,25.0
scenario,estuary,河口泥质区,11,2.0,,25.0,,,25.0
scenario,estuary,河口泥质区,12,2.0,,24.278071488652856,,,25.0
scenario,estuary,河口泥质区,13,2.0,,24.60732626979139,,,25.0
scenario,estuary,河口泥质区,14,2.0,,24.799791522344304,,,25.0
scenario,estuary,河口泥质区,15,2.0,,24.99968285217767,,,25.0
scenario,estuary,河口泥质区,16,2.0,,25.0,,,25.0
scenario,estuary,河口泥质区,17,2.0,,25.0,,,25.0
scenario,estuary,河口泥质区,18,2.0,,24.611705954630235,,,25.0
scenario,estuary,河口泥质区,19,2.0,,25.0,,,25.0
scenario,estuary,河口泥质区,20,2.0,,24.767927250827753,,,25.0
scenario,estuary,河口泥质区,21,2.0,,24.978074236055498,,,25.0
scenario,estuary,河口泥质区,22,2.0,,24.73390343797908,,,25.0
scenario,estuary,河口泥质区,23,2.0,,25.0,,,25.0
scenario,estuary,河口泥质区,24,2.0,,24.973436949574502,,,25.0
scenario,estuary,河口泥质区,25,2.0,,25.0,,,25.0
scenario,estuary,河口泥质区,26,2.0,,24.33947014022255,,,25.0
scenario,estuary,河口泥质区,27,2.0,,25.0,,,25.0
scenario,estuary,河口泥质区,28,2.0,,24.33722186354024,,,25.0
scenario,estuary,河口泥质区,29,2.0,,24.99487081929674,,,25.0
scenario,estuary,河口泥质区,30,2.0,,24.437872706277574,,,25.0
scenario,estuary,河口泥质区,31,2.0,,25.0,,,25.0
scenario,estuary,河口泥质区,32,2.0,,23.928379412952555,,,25.0
scenario,estuary,河口泥质区,33,2.0,,24.81680081215903,,,25.0
scenario,estuary,河口泥质区,34,2.0,,25.0,,,25.0
scenario,estuary,河口泥质区,35,2.0,,24.008960050495272,,,25.0
scenario,estuary,河口泥质区,36,2.0,,24.57493614977374,,,25.0
scenario,estuary,河口泥质区,37,2.0,,25.0,,,25.0
scenario,estuary,河口泥质区,38,2.0,,23.76773308256732,,,25.0
scenario,estuary,河口泥质区,39,2.0,,24.042260639559327,,,25.0
scenario,estuary,河口泥质区,40,2.0,,24.906034990686027,,,25.0
scenario,estuary,河口泥质区,41,2.0,,25.0,,,25.0
scenario,estuary,河口泥质区,42,2.0,,24.823429816955084,,,25.0
scenario,estuary,河口泥质区,43,2.0,,24.79770842253548,,,25.0
scenario,estuary,河口泥质区,44,2.0,,25.0,,,25.0
scenario,estuary,河口泥质区,45,2.0,,24.429335677599568,,,25.0
scenario,estuary,河口泥质区,46,2.0,,24.14215728982691,,,25.0
scenario,estuary,河口泥质区,47,2.0,,24.302794852032843,,,25.0
scenario,estuary,河口泥质区,48,2.0,,24.110644310249373,,,25.0
scenario,estuary,河口泥质区,49,2.0,,24.508986697655562,,,25.0
scenario,estuary,河口泥质区,50,2.0,,23.79705801750142,,,25.0
scenario,estuary,河口泥质区,51,2.0,,24.783587070186844,,,25.0
scenario,estuary,河口泥质区,52,2.0,,24.732140872957498,,,25.0
scenario,estuary,河口泥质区,53,2.0,,24.57181762018158,,,25.0
scenario,estuary,河口泥质区,54,2.0,,25.0,,,25.0
scenario,estuary,河口泥质区,55,2.0,,24.091624636546793,,,25.0
scenario,estuary,河口泥质区,56,2.0,,25.0,,,25.0
scenario,estuary,河口泥质区,57,2.0,,25.0,,,25.0
scenario,estuary,河口泥质区,58,2.0,,25.0,,,25.0
scenario,estuary,河口泥质区,59,2.0,,23.845708432268847,,,25.0
scenario,estuary,河口泥质区,60,2.0,,24.512436813597148,,,25.0
scenario,estuary,河口泥质区,61,2.0,,24.674337844119172,,,25.0
scenario,estuary,河口泥质区,62,2.0,,23.868702733844067,,,25.0
scenario,estuary,河口泥质区,63,2.0,,23.990443320088247,,,25.0
scenario,estuary,河口泥质区,64,2.0,,23.82310323925173,,,25.0
scenario,estuary,河口泥质区,65,2.0,,25.0,,,25.0
scenario,estuary,河口泥质区,66,2.0,,24.850579193918257,,,25.0
scenario,estuary,河口泥质区,67,2.0,,24.37266723811488,,,25.0
scenario,estuary,河口泥质区,68,2.0,,25.0,,,25.0
scenario,estuary,河口泥质区,69,2.0,,25.0,,,25.0
scenario,estuary,河口泥质区,70,2.0,,25.0,,,25.0
scenario,estuary,河口泥质区,71,2.0,,25.0,,,25.0
scenario,estuary,河口泥质区,72,2.0,,24.685097874657423,,,25.0
scenario,estuary,河口泥质区,73,2.0,,24.108415128475773,,,25.0
scenario,estuary,河口泥质区,74,2.0,,25.0,,,25.0
scenario,estuary,河口泥质区,75,2.0,,24.13675380017245,,,25.0
scenario,estuary,河口泥质区,76,2.0,,25.0,,,25.0
scenario,estuary,河口泥质区,77,2.0,,24.558663566852417,,,25.0
scenario,estuary,河口泥质区,78,2.0,,24.420437392189132,,,25.0
scenario,estuary,河口泥质区,79,2.0,,25.0,,,25.0
scenario,estuary,河口泥质区,80,2.0,,24.44766388901842,,,25.0
scenario,estuary,河口泥质区,81,2.0,,24.790699230043632,,,25.0
scenario,estuary,河口泥质区,82,2.0,,25.0,,,25.0
scenario,estuary,河口泥质区,83,2.0,,24.294110715078872,,,25.0
scenario,estuary,河口泥质区,84,2.0,,23.9596006280767,,,25.0
scenario,estuary,河口泥质区,85,2.0,,24.185685492293157,,,25.0
scenario,estuary,河口泥质区,86,2.0,,23.77062054626816,,,25.0
scenario,estuary,河口泥质区,87,2.0,,24.11933162899963,,,25.0
scenario,estuary,河口泥质区,88,2.0,,24.54354438072295,,,25.0
scenario,estuary,河口泥质区,89,2.0,,24.758463619798167,,,25.0
scenario,estuary,河口泥质区,90,2.0,,24.837087136546266,,,25.0
scenario,estuary,河口泥质区,91,2.0,,25.0,,,25.0
scenario,estuary,河口泥质区,92,2.0,,23.5558144163616,,,25.0
scenario,estuary,河口泥质区,93,2.0,,24.786090798231143,,,25.0
scenario,estuary,河口泥质区,94,2.0,,25.0,,,25.0
scenario,estuary,河口泥质区,95,2.0,,24.779379931612425,,,25.0
scenario,estuary,河口泥质区,96,2.0,,24.548510373985003,,,25.0
scenario,estuary,河口泥质区,97,2.0,,24.48271512707697,,,25.0
scenario,estuary,河口泥质区,98,2.0,,24.952487267781862,,,25.0
scenario,estuary,河口泥质区,99,2.0,,24.381787981544687,,,25.0
scenario,estuary,河口泥质区,100,2.0,,25.0,,,25.0
scenario,mangrove,红树林/盐沼,1,2.0,,14.138043013671492,,,15.0
scenario,mangrove,红树林/盐沼,2,2.0,,14.246721234896048,,,15.0
scenario,mangrove,红树林/盐沼,3,2.0,,14.532081278300323,,,15.0
scenario,mangrove,红树林/盐沼,4,2.0,,14.603940998039736,,,15.0
scenario,mangrove,红树林/盐沼,5,2.0,,14.484453023800258,,,15.0
scenario,mangrove,红树林/盐沼,6,2.0,,14.79966244262226,,,15.0
scenario,mangrove,红树林/盐沼,7,2.0,,14.166781769115447,,,15.0
scenario,mangrove,红树林/盐沼,8,2.0,,14.710313145923859,,,15.0
scenario,mangrove,红树林/盐沼,9,2.0,,13.557345834362124,,,15.0
scenario,mangrove,红树林/盐沼,10,2.0,,14.464554999208788,,,15.0
scenario,mangrove,红树林/盐沼,11,2.0,,14.018358621363669,,,15.0
scenario,mangrove,红树林/盐沼,12,2.0,,14.277814207093861,,,15.0
scenario,mangrove,红树林/盐沼,13,2.0,,14.532170680569786,,,15.0
scenario,mangrove,红树林/盐沼,14,2.0,,14.130670345521079,,,15.0
scenario,mangrove,红树林/盐沼,15,2.0,,13.59142735699534,,,15.0
scenario,mangrove,红树林/盐沼,16,2.0,,14.784405892054954,,,15.0
scenario,mangrove,红树林/盐沼,17,2.0,,14.361844256463256,,,15.0
scenario,mangrove,红树林/盐沼,18,2.0,,14.22716984628966,,,15.0
scenario,mangrove,红树林/盐沼,19,2.0,,14.442593404416286,,,15.0
scenario,mangrove,红树林/盐沼,20,2.0,,13.745234863153982,,,15.0
scenario,mangrove,红树林/盐沼,21,2.0,,14.380148151417938,,,15.0
scenario,mangrove,红树林/盐沼,22,2.0,,14.229141620167974,,,15.0
scenario,mangrove,红树林/盐沼,23,2.0,,14.347512282369573,,,15.0
scenario,mangrove,红树林/盐沼,24,2.0,,14.208564697344684,,,15.0
scenario,mangrove,红树林/盐沼,25,2.0,,14.187934094875583,,,15.0
scenario,mangrove,红树林/盐沼,26,2.0,,14.520216699342546,,,15.0
scenario,mangrove,红树林/盐沼,27,2.0,,14.60354050331941,,,15.0
scenario,mangrove,红树林/盐沼,28,2.0,,14.841635842964468,,,15.0
scenario,mangrove,红树林/盐沼,29,2.0,,13.773814644396017,,,15.0
scenario,mangrove,红树林/盐沼,30,2.0,,13.457372131439609,,,15.0
scenario,mangrove,红树林/盐沼,31,2.0,,14.316609504716029,,,15.0
scenario,mangrove,红树林/盐沼,32,2.0,,14.858836864471371,,,15.0
scenario,mangrove,红树林/盐沼,33,2.0,,14.08324318815159,,,15.0
scenario,mangrove,红树林/盐沼,34,2.0,,13.797653772026788,,,15.0
scenario,mangrove,红树林/盐沼,35,2.0,,14.691981048599233,,,15.0
scenario,mangrove,红树林/盐沼,36,2.0,,14.271292230222597,,,15.0
scenario,mangrove,红树林/盐沼,37,2.0,,14.023501311634346,,,15.0
scenario,mangrove,红树林/盐沼,38,2.0,,14.712696160155767,,,15.0
scenario,mangrove,红树林/盐沼,39,2.0,,14.352524302660898,,,15.0
scenario,mangrove,红树林/盐沼,40,2.0,,14.972480456930985,,,15.0
scenario,mangrove,红树林/盐沼,41,2.0,,13.790037502021317,,,15.0
scenario,mangrove,红树林/盐沼,42,2.0,,14.115771115641433,,,15.0
scenario,mangrove,红树林/盐沼,43,2.0,,14.240067583462338,,,15.0
scenario,mangrove,红树林/盐沼,44,2.0,,14.707734434424115,,,15.0
scenario,mangrove,红树林/盐沼,45,2.0,,14.410986827574906,,,15.0
scenario,mangrove,红树林/盐沼,46,2.0,,14.449291690375622,,,15.0
scenario,mangrove,红树林/盐沼,47,2.0,,14.575031168812982,,,15.0
scenario,mangrove,红树林/盐沼,48,2.0,,14.874665524589416,,,15.0
scenario,mangrove,红树林/盐沼,49,2.0,,14.597882094932007,,,15.0
scenario,mangrove,红树林/盐沼,50,2.0,,13.787285512176133,,,15.0
scenario,mangrove,红树林/盐沼,51,2.0,,14.557668140573451,,,15.0
scenario,mangrove,红树林/盐沼,52,2.0,,14.50451962936052,,,15.0
scenario,mangrove,红树林/盐沼,53,2.0,,14.375343517094212,,,15.0
scenario,mangrove,红树林/盐沼,54,2.0,,14.133174270457024,,,15.0
scenario,mangrove,红树林/盐沼,55,2.0,,14.593168870624032,,,15.0
scenario,mangrove,红树林/盐沼,56,2.0,,13.385084731162895,,,15.0
scenario,mangrove,红树林/盐沼,57,2.0,,14.466377212269094,,,15.0
scenario,mangrove,红树林/盐沼,58,2.0,,13.131882012165867,,,15.0
scenario,mangrove,红树林/盐沼,59,2.0,,14.964895326109422,,,15.0
scenario,mangrove,红树林/盐沼,60,2.0,,13.133310400558068,,,15.0
scenario,mangrove,红树林/盐沼,61,2.0,,14.426363252440522,,,15.0
scenario,mangrove,红树林/盐沼,62,2.0,,14.491878308691062,,,15.0
scenario,mangrove,红树林/盐沼,63,2.0,,14.903071614579645,,,15.0
scenario,mangrove,红树林/盐沼,64,2.0,,13.681007329872463,,,15.0
scenario,mangrove,红树林/盐沼,65,2.0,,13.988178154529248,,,15.0
scenario,mangrove,红树林/盐沼,66,2.0,,14.662854336384822,,,15.0
scenario,mangrove,红树林/盐沼,67,2.0,,14.096655486676289,,,15.0
scenario,mangrove,红树林/盐沼,68,2.0,,14.599796242527463,,,15.0
scenario,mangrove,红树林/盐沼,69,2.0,,14.270527774006545,,,15.0
scenario,mangrove,红树林/盐沼,70,2.0,,13.843485979606601,,,15.0
scenario,mangrove,红树林/盐沼,71,2.0,,13.985416454491935,,,15.0
scenario,mangrove,红树林/盐沼,72,2.0,,14.444429012619032,,,15.0
scenario,mangrove,红树林/盐沼,73,2.0,,14.276580042193606,,,15.0
scenario,mangrove,红树林/盐沼,74,2.0,,13.535192243496592,,,15.0
scenario,mangrove,红树林/盐沼,75,2.0,,14.650954851313001,,,15.0
scenario,mangrove,红树林/盐沼,76,2.0,,14.264122751411357,,,15.0
scenario,mangrove,红树林/盐沼,77,2.0,,14.210462217166642,,,15.0
scenario,mangrove,红树林/盐沼,78,2.0,,14.881812469178769,,,15.0
scenario,mangrove,红树林/盐沼,79,2.0,,14.728556077540906,,,15.0
scenario,mangrove,红树林/盐沼,80,2.0,,14.037497317375601,,,15.0
scenario,mangrove,红树林/盐沼,81,2.0,,14.12891460770309,,,15.0
scenario,mangrove,红树林/盐沼,82,2.0,,14.608501148512264,,,15.0
scenario,mangrove,红树林/盐沼,83,2.0,,13.35700837317592,,,15.0
scenario,mangrove,红树林/盐沼,84,2.0,,13.954390572667055,,,15.0
scenario,mangrove,红树林/盐沼,85,2.0,,14.548930702292541,,,15.0
scenario,mangrove,红树林/盐沼,86,2.0,,14.048465998315796,,,15.0
scenario,mangrove,红树林/盐沼,87,2.0,,14.00531594996471,,,15.0
scenario,mangrove,红树林/盐沼,88,2.0,,14.064427600855161,,,15.0
scenario,mangrove,红树林/盐沼,89,2.0,,14.897490598688144,,,15.0
scenario,mangrove,红树林/盐沼,90,2.0,,13.959342344688784,,,15.0
scenario,mangrove,红树林/盐沼,91,2.0,,14.35855081017816,,,15.0
scenario,mangrove,红树林/盐沼,92,2.0,,13.995443237129738,,,15.0
scenario,mangrove,红树林/盐沼,93,2.0,,13.945051100745053,,,15.0
scenario,mangrove,红树林/盐沼,94,2.0,,14.45289598587943,,,15.0
scenario,mangrove,红树林/盐沼,95,2.0,,14.496923221192633,,,15.0
scenario,mangrove,红树林/盐沼,96,2.0,,12.901578289979314,,,15.0
scenario,mangrove,红树林/盐沼,97,2.0,,13.878073375834544,,,15.0
scenario,mangrove,红树林/盐沼,98,2.0,,14.515195781744898,,,15.0
scenario,mangrove,红树林/盐沼,99,2.0,,14.073146754740739,,,15.0
scenario,mangrove,红树林/盐沼,100,2.0,,14.374314926236437,,,15.0
